Date,Delhi_Tmax_C,Delhi_Tmin_C,Delhi_Rainfall_mm,Mumbai_Tmax_C,Mumbai_Tmin_C,Mumbai_Rainfall_mm,Bengaluru_Tmax_C,Bengaluru_Tmin_C,Bengaluru_Rainfall_mm,Kolkata_Tmax_C,Kolkata_Tmin_C,Kolkata_Rainfall_mm,Chennai_Tmax_C,Chennai_Tmin_C,Chennai_Rainfall_mm
20240101,32.65,18.95,0.0,32.0,20.92,0.0,30.73,20.21,0.0,29.81,20.85,0.0,30.17,19.21,0.0
20240102,33.19,20.03,0.0,30.79,22.19,0.0,30.55,21.09,0.0,29.03,21.25,0.0,29.85,20.76,0.0
20240103,30.78,19.45,0.0,28.31,21.79,0.0,30.01,21.93,0.0,29.62,21.13,0.0,29.6,21.36,0.0
20240104,30.18,20.1,0.0,26.17,23.7,0.0,31.32,21.78,0.0,29.91,22.38,0.0,30.15,22.66,0.0
20240105,29.93,19.62,0.0,30.68,23.47,0.0,31.22,22.84,0.0,30.15,21.95,0.0,29.87,22.83,0.0
20240106,31.46,21.08,0.0,31.98,24.25,0.0,31.92,22.76,0.0,30.36,22.89,0.0,29.12,23.03,0.0
20240107,32.64,20.98,0.0,32.03,23.22,0.0,31.98,24.0,0.0,28.13,23.59,0.0,26.99,22.66,0.0
20240108,32.78,20.96,0.0,31.21,22.32,0.0,30.98,23.78,0.0,27.58,22.41,0.0,26.03,22.76,0.0
20240109,31.7,19.79,0.0,29.94,23.72,0.0,31.94,24.21,0.0,27.8,22.09,0.0,30.25,23.46,0.0
20240110,31.91,18.87,0.0,31.5,23.4,0.0,30.62,24.01,0.0,29.0,21.45,0.0,30.4,22.25,0.0
20240111,33.49,19.33,0.0,32.62,23.02,0.0,29.64,22.75,0.0,30.08,21.52,0.0,30.93,22.36,0.0
20240112,33.03,19.13,0.0,32.72,22.6,0.0,30.57,22.99,0.0,30.29,20.82,0.0,30.53,20.02,0.0
20240113,32.67,18.04,0.0,31.86,23.22,0.0,30.34,22.0,0.0,30.25,19.86,0.0,30.8,20.91,0.0
20240114,32.96,18.34,0.0,31.54,23.15,0.0,30.23,21.9,0.0,30.5,20.94,0.0,31.52,21.61,0.0
20240115,32.59,18.2,0.0,32.19,22.05,0.0,30.99,21.27,0.0,30.19,20.06,0.0,30.7,20.77,0.0
20240116,32.58,17.89,0.0,30.69,20.7,0.0,30.94,19.48,0.0,30.33,20.58,0.0,30.82,20.57,0.0
20240117,32.66,16.71,0.0,31.56,20.22,0.0,30.36,19.33,0.0,30.47,20.24,0.0,30.92,19.39,0.0
20240118,31.74,17.06,0.0,31.28,21.2,0.0,30.15,19.62,0.0,30.45,20.44,0.0,31.15,19.84,0.0
20240119,32.41,19.58,0.0,31.79,22.64,0.0,30.56,18.84,0.0,29.42,21.52,1.46,31.03,20.74,0.0
20240120,32.79,19.76,0.0,31.6,23.67,0.0,30.1,20.3,0.0,30.61,21.82,0.0,31.25,20.74,0.0
20240121,33.15,19.45,0.0,32.36,22.97,0.0,29.67,20.2,0.0,31.31,22.1,0.0,31.69,20.62,0.0
20240122,33.68,19.65,0.0,32.58,22.15,0.0,29.46,19.96,0.0,31.19,20.72,0.0,31.47,20.44,0.0
20240123,33.33,19.09,0.0,32.7,22.12,0.0,30.07,18.83,0.0,30.96,19.65,0.0,31.27,20.44,0.0
20240124,33.32,18.26,0.0,31.43,21.85,0.0,30.36,16.77,0.0,31.34,20.65,0.0,31.85,20.81,0.0
20240125,32.69,18.06,0.0,30.68,21.87,0.0,30.33,17.99,0.0,31.36,20.84,0.32,31.82,20.41,0.0
20240126,33.13,17.7,0.0,32.35,22.17,0.0,29.05,20.28,0.0,30.95,20.55,0.0,31.05,20.46,0.0
20240127,33.51,17.14,0.0,33.24,22.89,0.0,28.91,21.09,0.0,31.15,20.75,0.0,31.52,20.69,0.0
20240128,33.36,17.17,0.0,33.13,24.22,0.0,29.63,20.31,0.0,31.39,20.6,0.0,31.27,21.31,0.0
20240129,33.27,18.24,0.0,32.61,22.67,0.0,29.71,20.4,0.0,30.19,21.37,0.0,30.87,20.59,0.0
20240130,33.21,18.88,0.0,32.77,21.92,0.0,30.37,19.91,0.0,31.4,19.9,0.0,30.85,18.04,0.0
20240131,33.65,19.48,0.0,32.31,22.37,0.0,30.98,19.13,3.85,31.77,20.93,2.99,32.52,19.74,0.0
20240201,33.66,19.48,0.0,32.09,24.02,0.0,30.49,19.02,17.03,31.96,22.77,5.79,32.07,22.61,0.0
20240202,33.52,20.22,0.0,31.87,24.57,0.0,30.44,17.39,10.84,32.14,22.92,4.04,32.94,23.96,0.0
20240203,33.17,20.18,0.0,32.1,23.8,0.0,30.39,19.21,0.0,31.76,22.98,0.0,32.32,23.51,0.0
20240204,33.41,19.35,0.0,32.27,22.54,0.06,30.29,21.14,7.11,31.57,21.71,0.0,32.45,22.49,0.0
20240205,33.89,18.72,0.0,33.07,22.47,5.19,29.99,22.2,31.62,31.45,20.98,0.0,31.85,21.79,0.0
20240206,33.09,18.81,0.0,32.82,22.27,0.0,30.03,22.12,4.36,31.55,20.35,0.0,31.99,20.89,0.0
20240207,33.53,19.82,0.0,32.86,22.5,0.0,30.11,22.37,0.39,31.78,21.28,0.0,33.22,20.67,0.0
20240208,33.51,19.16,0.0,33.12,21.97,0.0,30.78,23.42,0.0,31.91,19.82,0.0,33.11,19.77,0.0
20240209,33.71,19.54,0.0,32.84,22.7,0.0,30.24,22.6,0.0,31.73,20.61,0.0,32.67,21.79,0.0
20240210,33.92,19.43,0.0,33.53,23.67,0.0,29.76,21.26,0.0,31.9,21.73,0.0,32.94,23.14,0.0
20240211,34.01,18.77,0.0,34.44,24.04,0.0,30.14,21.85,0.0,31.6,21.56,0.0,31.92,23.05,0.0
20240212,33.49,18.21,0.0,34.58,22.04,0.0,29.76,21.28,0.0,31.67,20.62,0.0,31.77,21.34,0.0
20240213,33.65,19.49,0.0,33.94,23.3,0.0,30.39,21.28,0.0,31.72,22.06,0.0,32.47,20.41,0.0
20240214,33.75,19.85,0.0,33.93,23.87,0.0,30.62,20.56,0.0,31.82,22.43,0.0,32.87,22.28,0.0
20240215,34.13,19.63,0.0,34.62,22.75,0.0,30.6,21.62,0.0,31.72,21.34,0.0,32.27,20.39,0.0
20240216,34.4,19.53,0.0,34.98,23.4,0.0,30.53,22.61,0.0,31.97,21.09,0.14,32.77,20.86,0.0
20240217,34.1,19.9,0.0,34.54,22.87,0.0,30.69,22.05,0.0,32.2,21.33,0.0,32.92,20.49,0.0
20240218,33.84,20.0,0.0,33.49,22.47,0.0,30.51,21.82,0.0,32.25,21.23,0.0,32.89,19.32,0.0
20240219,34.33,19.48,0.0,33.71,23.45,0.0,30.41,22.3,2.78,32.9,21.88,0.0,33.54,19.77,0.0
20240220,34.74,19.29,0.0,33.63,23.2,0.0,30.47,21.98,18.29,32.36,21.95,0.0,33.69,20.99,0.0
20240221,33.97,19.5,0.0,33.46,23.18,0.0,30.77,19.85,10.16,32.65,22.3,0.0,34.48,22.16,0.0
20240222,33.89,20.3,0.0,32.78,24.53,0.0,30.37,19.39,0.79,32.92,22.72,0.0,34.59,23.35,0.0
20240223,33.63,20.41,0.0,32.59,25.8,0.0,29.93,19.86,0.0,33.66,24.0,2.74,35.36,25.0,0.0
20240224,33.8,21.46,0.0,32.69,26.67,0.0,30.91,19.62,0.0,32.91,24.48,0.0,33.77,26.15,0.0
20240225,33.57,20.76,0.0,33.21,24.82,0.0,30.63,19.69,2.13,32.83,23.25,0.07,33.29,24.38,0.0
20240226,34.68,19.66,0.0,34.43,24.95,0.0,30.58,21.12,0.0,32.8,22.64,0.0,33.1,23.11,0.0
20240227,34.4,20.51,0.0,34.83,25.35,0.0,31.17,22.6,2.08,32.49,23.42,0.0,33.42,22.99,0.0
20240228,34.14,20.08,0.0,34.25,24.22,0.0,31.47,24.13,0.1,32.69,22.05,0.0,33.69,22.56,0.0
20240229,33.89,20.04,0.0,34.1,23.4,0.0,30.79,24.01,0.0,32.88,21.59,0.0,34.42,20.27,0.0
20240301,34.01,19.78,0.0,33.8,24.05,0.0,30.86,24.3,1.39,32.57,22.08,0.0,34.67,22.44,0.0
20240302,34.12,20.05,0.0,34.11,23.98,0.42,30.78,24.75,60.58,33.15,22.22,0.0,34.48,21.92,0.0
20240303,34.32,19.96,0.0,33.36,23.8,0.0,31.14,23.35,48.14,32.75,22.33,0.0,34.71,22.64,0.0
20240304,34.55,20.71,0.0,33.34,22.97,0.0,31.24,22.07,11.8,32.45,21.87,0.0,33.81,22.31,0.0
20240305,34.09,20.93,0.0,32.86,23.4,0.0,31.92,20.61,0.0,32.68,22.09,0.0,33.81,22.86,0.0
20240306,34.07,20.73,0.0,33.35,23.57,0.0,31.25,21.28,0.0,32.84,22.6,0.0,34.68,22.78,0.0
20240307,34.05,20.64,0.0,33.66,23.65,0.0,31.77,20.55,0.61,33.2,22.23,0.0,35.79,23.33,0.0
20240308,33.97,19.89,0.0,33.55,23.98,0.0,31.5,20.66,0.0,33.85,22.25,0.0,35.73,23.15,0.0
20240309,33.65,20.75,0.0,33.57,25.15,0.0,31.21,21.49,0.0,34.01,22.73,0.0,35.14,24.43,0.0
20240310,34.26,20.98,0.0,34.01,25.42,0.0,31.33,22.28,0.0,34.1,23.87,0.0,35.09,24.48,0.0
20240311,34.4,20.83,0.0,33.95,25.92,0.0,31.74,22.69,0.0,33.91,23.33,0.0,35.09,24.46,0.0
20240312,33.82,19.9,0.0,34.3,24.87,0.0,31.33,25.52,0.99,33.62,23.13,0.0,35.91,24.15,0.0
20240313,33.85,20.39,0.0,33.72,24.6,0.0,31.34,23.7,0.0,34.06,23.21,0.0,35.96,24.7,0.0
20240314,34.29,20.63,0.0,33.62,25.13,0.0,31.82,21.84,9.24,34.01,23.83,0.0,36.56,24.73,0.0
20240315,34.04,21.9,0.0,33.29,24.68,0.0,31.78,21.86,0.0,34.56,24.19,0.0,35.24,25.0,0.0
20240316,33.91,21.34,0.0,33.38,26.02,0.0,31.91,21.42,0.0,34.8,24.68,8.56,35.09,25.55,0.0
20240317,33.96,21.46,0.0,33.89,25.9,0.0,31.04,21.62,0.0,34.03,24.03,0.28,34.81,25.55,0.0
20240318,34.61,20.6,0.0,33.36,24.38,0.0,31.28,21.85,0.0,34.16,22.74,0.0,35.06,23.93,0.0
20240319,34.4,20.16,0.0,33.9,24.42,0.0,31.39,22.65,1.58,33.89,22.31,0.75,35.21,23.98,0.0
20240320,34.72,19.84,0.0,33.84,24.55,0.0,31.83,22.02,0.14,34.27,22.5,9.79,34.61,23.98,0.0
20240321,34.35,20.32,0.0,34.17,26.52,0.0,31.78,23.03,0.0,34.1,23.06,5.55,34.07,25.38,0.0
20240322,34.51,21.1,0.0,32.75,25.9,0.0,31.58,25.81,6.12,33.96,23.63,2.4,35.47,23.96,0.0
20240323,35.01,19.94,0.0,34.1,25.1,0.0,31.56,24.99,0.0,34.53,23.57,0.0,36.01,23.96,0.0
20240324,35.92,20.39,0.0,34.37,24.87,0.0,31.05,24.64,0.0,34.37,23.26,0.0,36.2,23.75,0.0
20240325,34.82,21.13,0.0,34.22,24.55,0.0,31.07,24.26,0.0,34.43,22.62,0.0,34.99,24.08,0.0
20240326,34.16,20.22,0.0,33.96,24.05,0.0,31.56,24.42,0.0,34.5,22.77,1.91,35.39,23.21,0.0
20240327,34.32,20.27,0.0,34.28,24.77,0.0,32.03,25.38,0.0,34.63,22.77,0.0,36.16,23.36,0.0
20240328,35.0,21.57,0.0,34.48,25.37,0.0,31.64,25.02,1.18,34.98,24.76,0.07,36.46,24.21,0.0
20240329,34.76,20.91,0.0,34.36,25.95,0.0,31.83,25.66,1.78,35.17,24.37,0.0,37.41,25.13,0.0
20240330,35.04,21.12,0.0,34.15,25.7,0.0,32.1,25.65,23.83,35.24,24.51,0.0,37.88,24.4,0.0
20240331,34.47,20.76,0.0,34.08,25.62,0.0,32.31,25.69,18.5,35.44,24.03,0.0,36.79,24.25,0.0
20240401,34.67,22.02,0.0,34.47,26.9,0.0,32.57,25.5,7.69,35.5,25.52,0.0,37.06,25.58,0.0
20240402,35.08,21.82,0.0,34.17,26.8,0.0,32.5,24.63,0.0,35.78,25.55,0.0,38.01,25.15,0.0
20240403,34.89,22.18,0.0,34.65,26.85,0.0,32.56,24.33,0.0,35.83,25.67,0.0,38.36,25.95,0.0
20240404,34.95,21.51,0.0,34.53,27.67,0.0,32.73,24.33,0.0,35.84,25.63,0.0,38.56,25.83,0.0
20240405,34.92,21.34,0.0,33.97,26.85,0.0,32.7,24.99,0.0,36.06,25.84,0.0,38.02,25.33,0.0
20240406,35.36,22.28,0.0,34.62,26.2,0.0,32.52,26.36,0.0,36.08,25.47,0.0,39.68,25.03,0.0
20240407,34.96,22.28,0.0,34.78,26.2,0.0,32.05,26.29,0.0,36.48,24.88,0.0,39.78,25.2,0.0
20240408,35.13,21.7,0.0,34.89,27.22,0.0,32.6,23.83,0.1,36.08,24.8,0.78,38.51,25.55,0.0
20240409,35.31,21.37,0.0,34.91,27.02,0.0,32.89,25.04,0.0,35.26,24.32,0.0,36.46,26.01,0.0
20240410,35.4,20.44,0.0,34.71,26.1,0.0,32.58,24.26,0.26,35.39,23.87,0.0,36.34,25.44,0.0
20240411,35.49,22.4,0.0,34.87,26.8,0.0,33.34,24.91,0.78,35.81,24.25,0.0,37.19,25.56,0.0
20240412,35.38,21.39,0.18,34.45,28.6,0.0,33.07,24.97,0.99,36.15,24.72,0.0,36.69,27.01,0.0
20240413,34.47,20.63,3.17,34.13,27.42,0.0,32.97,24.84,0.0,35.45,24.88,0.0,37.14,26.59,0.0
20240414,35.32,20.66,1.72,34.94,26.85,4.68,33.89,24.35,0.59,35.39,24.36,0.0,36.74,26.56,0.0
20240415,36.06,21.56,0.0,34.52,26.2,0.0,33.55,25.06,10.08,35.48,24.04,0.0,37.36,24.79,0.0
20240416,34.26,22.74,0.0,33.69,27.34,0.0,36.59,26.57,10.22,35.77,26.43,0.0,38.32,25.0,0.0
20240417,34.37,22.83,0.0,33.78,26.82,0.0,33.56,28.62,0.83,36.16,26.92,0.0,38.99,26.5,0.0
20240418,35.7,21.5,0.0,34.17,25.7,0.0,33.19,26.36,0.0,37.01,24.18,0.0,39.76,24.1,0.0
20240419,34.88,23.0,0.0,34.29,28.2,0.0,33.52,27.07,0.26,36.4,26.69,0.0,39.55,28.7,0.0
20240420,35.49,23.36,0.0,32.51,28.57,0.0,33.99,27.4,7.13,37.0,27.08,0.0,38.86,28.4,0.0
20240421,35.27,22.85,0.0,33.87,28.6,0.0,33.48,25.34,0.81,36.58,26.85,0.0,38.93,28.87,0.0
20240422,35.96,21.98,0.0,34.49,27.42,0.0,33.73,26.11,2.36,36.14,27.25,0.0,39.23,26.67,0.0
20240423,35.79,22.45,2.14,33.67,26.92,0.0,33.27,26.43,5.52,36.13,25.89,0.0,39.15,26.2,0.0
20240424,35.48,22.0,0.0,34.7,26.4,0.0,33.57,26.21,0.12,36.22,26.52,0.0,39.5,25.08,0.0
20240425,35.64,22.64,0.0,34.63,27.27,0.0,32.75,25.64,5.24,35.75,26.55,0.0,38.63,27.03,0.0
20240426,35.81,22.83,0.0,34.87,26.95,0.0,33.66,25.88,0.0,35.91,26.13,0.0,38.92,26.8,0.0
20240427,35.81,23.1,0.0,34.39,26.57,0.0,33.46,25.68,4.78,35.98,25.81,0.0,38.73,26.62,0.0
20240428,35.71,23.66,0.0,34.5,26.75,0.0,32.88,26.59,8.86,36.02,25.11,0.0,39.5,26.4,0.0
20240429,36.11,23.04,0.0,35.02,28.0,0.0,33.12,28.25,0.85,36.74,26.09,0.0,39.08,27.03,0.0
20240430,34.58,23.55,0.0,34.32,28.45,0.0,34.34,26.81,26.65,36.68,26.69,0.0,39.68,27.45,0.0
20240501,35.34,22.81,0.0,34.67,28.65,0.0,33.96,27.34,0.0,38.68,27.79,0.0,41.93,28.42,0.0
20240502,35.9,24.19,0.0,34.52,29.37,0.0,33.75,24.82,3.96,38.22,27.93,0.0,41.06,30.63,0.0
20240503,35.91,24.43,0.0,34.1,29.17,0.0,33.78,25.59,0.0,37.94,28.31,0.0,41.09,30.42,0.0
20240504,35.98,23.85,0.0,34.14,29.52,0.0,33.59,24.73,0.0,38.88,27.92,0.0,40.7,30.0,0.0
20240505,35.68,25.04,0.0,34.34,30.09,0.0,33.32,25.13,0.0,37.9,28.5,0.0,40.33,29.78,0.0
20240506,35.49,23.97,0.0,34.42,29.97,0.0,33.03,25.96,0.0,37.61,27.88,0.0,40.18,30.5,0.0
20240507,36.02,23.33,0.0,34.47,29.85,0.0,34.17,25.5,0.0,36.77,24.53,69.2,38.86,29.98,0.0
20240508,36.25,23.82,0.0,34.78,25.7,0.0,33.2,25.75,0.0,35.2,26.53,10.18,36.82,23.92,0.0
20240509,35.39,22.31,2.03,33.74,28.25,0.0,33.1,25.88,0.19,35.45,27.12,0.0,36.92,27.38,0.0
20240510,35.09,21.46,0.0,33.66,28.62,0.0,32.11,25.51,0.0,36.25,26.17,43.98,38.26,28.3,0.0
20240511,35.58,21.56,0.0,34.15,28.98,0.0,31.79,26.79,8.12,35.17,26.96,0.0,38.13,28.75,0.0
20240512,35.43,21.46,0.0,33.81,28.85,0.1,31.92,26.03,0.39,35.4,25.72,1.58,38.34,28.2,0.0
20240513,34.0,22.18,8.74,31.55,28.52,0.0,33.33,26.24,3.15,33.98,26.76,0.0,38.16,28.05,0.0
20240514,33.36,21.61,0.0,30.82,27.45,0.21,33.75,26.57,0.0,33.07,26.28,0.0,37.79,27.18,0.0
20240515,35.1,21.58,4.4,31.82,28.13,0.0,31.94,25.06,0.0,34.54,25.29,0.3,36.95,28.28,0.0
20240516,34.83,20.4,0.0,32.87,25.92,0.0,33.1,27.87,0.0,30.09,23.05,0.0,30.63,28.2,0.0
20240517,34.61,21.56,43.43,31.94,26.02,0.0,33.68,25.54,0.0,31.72,24.6,0.0,33.68,27.16,0.0
20240518,33.75,20.85,0.0,32.15,26.42,0.0,33.58,27.67,0.0,32.55,24.8,0.0,36.34,26.83,0.0
20240519,31.19,22.47,0.83,30.18,27.2,0.0,31.17,26.83,0.0,31.19,25.27,1.49,36.54,26.84,0.0
20240520,30.07,20.96,0.0,28.28,25.34,0.0,32.21,25.38,0.0,32.38,25.25,0.0,36.14,27.38,0.0
20240521,30.71,20.19,1.1,30.79,27.18,0.0,30.78,27.02,0.77,32.0,22.77,28.03,36.34,27.73,0.0
20240522,31.52,22.32,0.0,31.23,27.1,0.0,29.93,26.72,0.0,31.77,23.04,0.0,36.44,27.81,0.0
20240523,29.39,22.02,0.0,28.17,27.35,0.0,28.67,29.07,0.0,32.61,22.97,27.1,37.69,27.8,0.0
20240524,30.53,21.94,2.08,28.9,27.7,0.0,29.26,25.42,0.31,34.35,24.13,0.0,39.56,28.6,0.0
20240525,31.03,21.11,2.5,27.97,28.83,0.0,28.62,27.73,3.62,34.0,23.76,0.35,37.85,29.75,0.0
20240526,31.58,22.09,0.29,30.25,28.75,0.0,31.47,28.36,0.0,33.93,25.19,7.23,39.32,29.23,0.0
20240527,31.86,21.85,12.63,31.62,28.98,0.57,31.62,27.74,0.0,36.1,25.57,110.33,40.04,29.58,0.0
20240528,30.22,22.08,0.0,29.03,29.28,0.0,30.8,28.12,0.0,37.0,25.56,47.9,41.02,30.2,0.0
20240529,30.91,22.19,0.0,30.56,29.58,0.0,31.28,27.43,0.0,36.8,25.2,0.0,40.82,30.46,0.0
20240530,29.87,22.42,0.0,29.99,29.02,0.0,30.76,27.6,0.0,37.68,26.03,0.0,41.92,30.15,0.0
20240531,33.18,22.63,0.0,31.62,29.85,0.0,30.79,27.71,1.72,37.29,26.47,31.53,42.01,30.93,0.0
20240601,31.4,22.71,0.0,31.14,30.0,0.0,29.79,27.81,0.0,36.96,26.23,3.57,40.86,31.35,0.0
20240602,32.79,22.33,0.0,32.01,27.06,0.0,29.83,27.55,0.08,35.02,24.22,0.0,37.91,25.45,0.0
20240603,31.53,21.7,33.72,29.66,26.85,0.0,32.05,27.28,0.0,33.71,23.78,0.0,34.63,26.72,0.0
20240604,32.86,22.59,1.51,31.27,28.25,0.0,32.12,27.16,0.7,33.92,24.76,0.0,36.88,27.8,0.0
20240605,32.12,22.61,0.0,31.11,26.59,0.0,29.05,26.03,0.46,33.67,25.86,1.78,36.7,27.83,0.0
20240606,31.7,22.26,2.44,29.82,25.24,0.0,28.63,25.26,14.59,32.81,25.12,0.0,34.58,25.99,0.0
20240607,31.29,20.03,8.54,28.42,24.77,0.0,30.13,24.24,0.0,31.26,23.59,0.12,33.05,25.36,0.0
20240608,31.5,21.92,13.19,28.99,25.17,0.21,28.53,24.73,0.0,32.91,24.19,0.0,34.69,23.45,0.0
20240609,31.99,21.53,10.75,27.22,26.85,0.0,28.1,24.66,0.0,33.91,24.13,0.0,36.0,25.65,0.0
20240610,31.82,21.51,9.24,27.16,27.42,0.0,26.76,24.89,2.36,34.88,25.1,0.0,38.05,25.69,0.0
20240611,31.82,21.92,0.0,29.15,26.97,0.0,28.85,25.34,0.0,34.86,25.24,0.0,36.67,26.67,0.0
20240612,31.12,22.43,10.49,28.05,27.19,0.0,30.87,24.6,0.0,34.78,26.51,0.0,35.85,26.7,0.0
20240613,32.2,22.1,11.38,28.44,25.64,0.0,30.99,25.23,0.0,33.86,25.33,0.15,35.67,25.74,0.0
20240614,32.83,21.86,0.23,30.7,27.75,0.0,31.5,24.8,0.0,35.11,25.01,17.71,36.39,26.49,0.0
20240615,32.84,21.43,3.22,31.38,27.95,0.0,31.79,24.06,0.0,35.8,24.81,0.0,34.77,27.81,0.0
20240616,32.21,21.9,0.0,29.68,27.7,0.0,32.02,25.79,0.0,36.12,25.61,0.0,38.33,27.41,0.0
20240617,32.81,22.22,0.0,31.03,26.7,0.0,32.17,24.75,0.37,35.47,26.26,0.0,38.15,27.49,0.0
20240618,32.32,21.67,13.73,30.18,25.11,0.0,31.95,25.87,2.16,35.51,26.63,0.01,35.67,24.89,0.0
20240619,32.68,21.95,0.0,30.13,24.47,0.0,30.03,25.17,2.97,34.38,24.11,13.77,35.42,25.64,0.0
20240620,30.92,21.98,0.0,27.35,25.55,0.0,29.51,24.87,0.28,34.08,24.08,0.0,35.81,26.83,0.0
20240621,31.0,21.04,0.0,27.28,25.15,0.0,27.58,25.09,0.62,35.0,24.12,18.61,36.55,27.26,0.0
20240622,29.31,21.32,2.02,28.56,26.57,0.0,29.0,25.0,0.86,35.39,25.46,0.01,35.8,27.79,0.0
20240623,30.45,21.76,1.25,28.88,26.3,0.0,27.15,25.02,2.69,34.98,25.79,0.16,37.17,27.04,0.0
20240624,29.89,21.53,0.0,28.68,27.27,0.0,26.89,25.19,5.68,35.26,25.07,0.05,35.89,26.48,0.0
20240625,29.29,21.17,0.42,28.3,28.55,0.0,27.99,24.83,0.25,35.01,26.02,0.0,36.34,27.08,0.0
20240626,29.76,21.8,0.0,26.37,26.25,0.55,27.87,25.3,1.1,33.94,24.19,0.0,34.64,27.35,0.0
20240627,29.38,21.29,0.0,25.85,28.05,5.49,28.1,24.72,3.11,33.92,25.1,0.0,34.04,28.31,0.0
20240628,31.74,21.39,0.0,28.62,27.58,16.32,28.67,24.69,5.79,36.08,23.98,0.35,36.99,27.74,0.0
20240629,31.47,22.05,0.0,28.97,27.55,5.04,28.68,25.74,0.0,35.08,25.65,0.38,36.47,27.7,0.0
20240630,30.78,22.31,6.87,27.14,28.1,0.22,28.72,26.22,3.24,34.45,25.72,3.47,33.75,28.18,0.0
20240701,28.86,21.53,8.53,26.12,26.84,0.0,30.51,25.75,0.0,33.45,24.53,5.12,34.02,24.24,0.0
20240702,31.99,21.43,2.3,28.99,27.18,0.0,31.2,25.71,0.0,34.6,25.22,8.9,37.14,25.91,0.0
20240703,32.56,21.8,0.0,28.92,27.95,0.0,29.03,26.05,4.91,36.04,25.57,25.98,37.97,27.98,0.0
20240704,32.51,21.7,0.0,26.96,25.19,0.0,28.56,25.67,5.61,35.53,25.86,15.74,34.54,25.96,0.0
20240705,31.34,22.47,0.0,28.23,27.9,0.0,29.29,25.31,5.89,36.57,25.49,15.74,36.52,27.24,0.0
20240706,32.0,21.05,0.88,25.98,23.72,25.76,29.26,25.9,14.35,34.32,24.75,25.58,30.52,25.22,0.0
20240707,31.65,21.47,1.01,26.51,26.75,0.0,30.33,24.88,1.09,36.22,25.52,0.02,35.95,26.55,0.0
20240708,30.27,20.97,4.58,24.86,25.74,0.0,31.09,23.81,15.08,34.53,24.4,0.08,33.97,24.91,0.0
20240709,30.25,21.33,1.99,28.46,26.22,5.73,30.53,23.69,0.0,35.66,24.84,0.01,33.79,26.03,0.0
20240710,29.4,21.47,0.25,28.95,26.97,0.0,30.79,23.18,0.0,36.21,25.57,0.0,36.82,26.76,0.0
20240711,31.9,21.88,2.57,29.83,24.74,0.0,30.76,23.85,1.54,34.54,25.66,0.0,32.24,25.45,0.0
20240712,29.48,21.47,0.95,27.17,26.85,0.0,29.57,24.48,0.2,35.94,25.74,44.89,37.17,26.83,0.0
20240713,30.02,20.39,8.28,26.39,24.07,0.0,28.62,24.13,2.36,34.95,22.62,6.19,32.55,25.03,0.0
20240714,30.6,20.73,0.0,26.25,26.52,0.92,30.06,24.42,0.0,33.93,23.58,0.0,30.5,24.58,0.0
20240715,28.81,21.06,30.75,24.96,25.95,0.0,30.55,24.31,5.55,33.55,25.16,0.26,28.68,24.73,0.0
20240716,29.41,20.44,35.98,25.82,25.63,0.0,29.1,24.32,0.0,32.31,23.68,0.17,32.67,25.61,0.0
20240717,28.6,21.47,0.0,25.49,25.83,0.0,29.06,24.72,0.0,35.55,23.98,20.54,35.07,26.64,0.0
20240718,28.63,21.34,0.0,24.16,26.95,0.79,29.07,24.82,0.0,33.66,23.37,0.14,33.0,26.26,0.0
20240719,30.02,21.28,4.78,25.02,25.02,9.85,30.17,24.32,0.1,34.95,23.62,0.01,33.2,26.05,0.0
20240720,31.13,21.82,9.65,27.96,26.17,0.72,30.91,24.52,0.0,36.12,23.76,0.33,33.43,25.35,0.0
20240721,31.29,21.67,16.24,27.57,26.65,0.0,30.18,24.73,4.73,37.25,25.25,0.03,35.24,26.98,0.0
20240722,30.45,21.66,4.47,28.03,27.23,1.08,30.8,24.84,7.54,37.38,25.64,16.82,34.67,26.55,0.0
20240723,31.64,21.91,0.93,28.13,27.03,5.0,30.77,24.75,1.4,36.16,25.1,16.31,35.6,27.23,0.0
20240724,31.38,21.3,0.93,27.42,26.45,0.0,31.4,24.77,0.0,37.16,25.34,22.5,34.93,27.03,0.0
20240725,30.21,21.83,1.02,25.95,27.97,0.0,30.11,24.75,1.04,35.41,23.73,20.9,36.35,27.46,0.0
20240726,31.28,21.64,0.02,27.58,27.5,0.0,30.54,24.6,0.75,37.28,24.36,0.13,34.85,27.42,0.0
20240727,31.87,22.62,1.82,29.41,28.2,0.0,30.57,25.27,1.23,37.78,24.84,7.41,36.2,27.28,0.0
20240728,31.75,21.89,0.06,28.89,27.93,1.63,30.43,25.93,18.59,37.66,26.47,2.19,35.65,27.16,0.0
20240729,29.79,21.89,0.07,26.92,27.85,0.0,30.47,26.13,4.85,35.96,25.08,0.05,36.37,27.39,0.0
20240730,28.14,20.82,0.0,24.54,27.75,0.0,30.72,26.19,5.16,37.02,24.19,31.71,37.12,25.66,0.0
20240731,28.89,21.72,0.0,25.48,27.77,0.26,30.86,24.51,0.33,37.58,25.38,14.63,36.87,27.33,0.0
20240801,30.11,21.39,1.92,25.46,27.35,0.0,30.44,24.74,18.79,36.98,24.98,0.39,36.82,27.86,0.0
20240802,30.85,22.21,0.0,26.88,27.38,0.32,30.75,25.16,11.82,36.87,24.49,99.77,34.89,27.02,0.0
20240803,31.14,21.08,0.0,26.5,26.6,85.07,28.75,24.85,7.17,37.86,25.18,35.32,36.47,25.29,0.0
20240804,31.36,21.59,0.0,28.49,26.11,1.92,29.56,24.56,2.66,35.79,25.1,2.79,36.47,26.69,0.0
20240805,30.7,20.93,0.0,28.53,23.6,41.64,30.28,25.14,0.79,32.64,23.77,0.32,32.32,26.26,0.0
20240806,30.47,21.4,26.79,25.87,25.0,84.99,27.64,25.45,0.89,35.35,24.18,19.92,35.47,26.75,0.0
20240807,30.78,20.68,36.82,27.64,23.33,10.34,30.12,24.49,4.04,34.15,22.87,1.9,31.58,24.71,0.0
20240808,30.92,20.96,15.77,26.61,24.55,0.19,30.21,24.84,1.72,34.03,23.59,3.96,34.35,25.61,0.0
20240809,31.72,20.85,9.66,28.43,24.65,0.0,31.43,24.76,7.91,33.8,23.89,5.91,35.07,25.98,0.0
20240810,31.36,21.3,4.43,28.31,24.73,0.0,31.11,24.76,0.29,34.58,22.9,0.0,34.28,25.53,0.0
20240811,31.11,21.76,3.37,29.33,24.52,0.0,30.1,24.83,8.05,34.94,24.8,10.13,35.52,26.16,0.0
20240812,31.84,21.58,0.0,29.33,24.57,0.0,29.85,24.84,8.86,33.86,22.67,0.0,36.05,25.34,0.0
20240813,31.81,22.0,3.92,30.07,27.1,0.0,30.56,25.4,0.1,33.94,23.79,4.13,34.64,26.51,0.0
20240814,29.21,21.01,0.0,29.72,27.07,6.15,29.23,26.39,1.17,33.59,24.02,26.54,35.07,27.16,0.0
20240815,30.05,20.66,0.03,28.53,27.02,2.82,30.35,26.57,0.0,33.59,23.34,4.1,34.42,27.33,0.0
20240816,29.19,22.0,0.0,29.08,27.2,78.89,29.74,25.99,1.95,33.57,25.77,6.1,34.6,27.33,0.0
20240817,29.53,21.1,26.57,28.59,26.92,3.65,30.4,25.99,13.0,34.59,24.27,0.17,35.42,27.02,0.0
20240818,30.58,20.84,0.0,28.98,27.33,2.05,29.67,26.0,0.0,34.9,24.82,0.13,36.05,27.31,0.0
20240819,30.6,21.98,0.0,29.9,27.68,0.0,30.43,26.44,8.73,33.39,23.5,15.47,35.14,27.83,0.0
20240820,31.25,21.07,59.16,29.6,26.2,0.0,29.54,25.4,1.18,33.89,23.95,1.98,35.14,26.58,0.0
20240821,29.3,20.58,0.0,28.03,26.05,0.0,30.49,25.82,0.4,33.03,23.09,2.24,34.54,26.51,0.0
20240822,31.22,20.6,40.65,29.06,26.75,2.35,29.02,25.46,0.0,34.23,23.69,0.1,36.09,26.76,0.0
20240823,31.37,21.38,7.11,29.32,27.25,3.06,30.56,25.72,0.0,34.29,23.98,8.32,36.16,27.81,0.0
20240824,31.21,21.45,1.66,28.64,27.23,43.69,30.93,24.76,0.19,35.33,24.93,23.0,36.04,27.58,0.0
20240825,31.65,21.1,1.18,28.18,27.13,9.56,31.41,24.0,3.54,36.69,24.82,11.17,36.81,27.21,0.0
20240826,31.84,20.69,0.0,28.57,27.38,20.62,29.72,24.46,1.09,35.88,25.35,34.74,36.91,27.16,0.0
20240827,32.14,21.56,0.34,28.83,27.5,1.07,27.13,24.78,3.51,36.32,25.38,34.14,35.22,27.73,0.0
20240828,32.05,21.24,1.3,28.93,25.7,0.0,29.18,24.22,5.39,33.05,23.76,15.8,31.61,25.91,0.0
20240829,31.08,21.81,0.0,27.22,26.6,0.0,28.51,25.67,3.62,34.02,24.06,0.0,34.17,26.77,0.0
20240830,29.93,20.57,0.66,27.94,25.26,0.04,29.19,25.43,3.04,35.22,23.49,0.0,33.57,26.52,0.0
20240831,30.68,21.09,22.53,27.42,23.62,0.0,28.33,25.47,0.82,36.4,25.4,25.87,32.14,23.28,0.0
20240901,29.91,21.6,61.47,27.83,26.56,48.5,29.77,25.66,0.0,36.24,25.95,0.0,34.93,25.44,0.0
20240902,30.51,21.22,5.39,28.88,24.98,0.0,28.76,25.81,0.0,36.96,24.21,6.31,36.34,24.9,0.0
20240903,31.19,21.6,6.47,28.88,25.85,6.87,27.44,24.56,10.52,36.91,25.94,0.0,33.62,24.66,0.0
20240904,31.94,21.63,31.6,29.72,25.55,5.05,29.26,25.46,4.57,35.02,25.04,6.17,33.39,25.05,0.0
20240905,31.58,20.96,0.35,29.29,27.23,13.88,28.84,25.46,0.0,37.95,25.2,0.01,34.94,25.93,0.0
20240906,31.68,21.78,57.14,29.13,24.75,2.87,29.75,25.51,6.39,35.27,25.45,0.01,32.87,25.41,0.0
20240907,31.84,21.82,5.57,29.21,25.95,0.42,29.71,25.1,13.71,36.71,25.11,0.0,33.6,24.94,0.0
20240908,30.43,21.33,18.11,27.86,26.51,5.29,30.2,25.38,4.13,34.91,25.47,21.52,32.33,25.76,0.0
20240909,30.68,22.39,7.07,28.79,27.28,9.37,30.03,24.54,0.0,35.63,25.08,0.12,33.75,26.01,0.0
20240910,30.74,21.37,0.07,29.13,26.78,0.0,29.87,24.81,1.21,36.77,25.21,16.71,36.6,25.76,0.0
20240911,31.35,21.34,2.19,29.8,27.56,1.54,29.97,24.47,7.94,36.63,24.76,3.01,35.74,25.96,0.0
20240912,31.84,21.08,0.0,29.74,26.61,0.0,30.78,24.5,0.99,36.19,25.0,11.85,36.75,26.58,0.0
20240913,32.32,22.1,0.0,30.01,27.63,1.83,30.37,23.96,6.89,37.07,25.49,0.0,36.9,25.81,0.0
20240914,31.46,21.02,0.0,29.51,27.9,0.0,30.79,24.48,16.84,36.5,25.57,48.6,37.3,26.68,0.0
20240915,31.95,20.72,0.0,29.52,27.51,0.0,30.8,24.46,1.72,37.3,24.91,86.73,38.38,26.27,0.0
20240916,32.47,22.22,0.0,30.12,28.08,0.0,31.16,24.44,2.02,37.93,24.91,74.28,37.47,26.36,0.0
20240917,32.2,22.24,0.0,29.74,27.96,0.0,29.26,24.39,0.0,38.58,25.2,18.72,38.0,27.01,0.0
20240918,32.09,21.84,0.0,29.98,28.42,0.0,29.6,22.98,4.38,37.65,25.12,0.0,37.0,27.31,0.0
20240919,32.34,20.82,0.0,30.25,26.45,0.0,27.89,23.67,4.55,36.41,24.53,0.0,35.02,26.06,0.0
20240920,32.29,20.65,0.0,29.94,27.55,0.0,28.57,24.59,0.0,37.8,26.96,0.0,37.75,26.49,0.0
20240921,32.46,20.52,0.0,30.41,25.9,0.0,28.73,24.76,0.0,34.61,24.46,0.02,33.15,26.05,0.0
20240922,32.59,20.24,5.27,29.86,25.85,0.0,30.91,25.07,0.0,35.58,25.47,0.17,33.89,26.46,0.0
20240923,31.98,21.8,8.56,29.25,27.0,0.0,30.07,24.69,0.0,37.41,26.06,0.0,35.92,25.46,0.0
20240924,31.38,21.91,20.21,27.67,24.9,0.0,30.23,25.33,0.0,37.25,25.53,5.97,34.6,24.76,0.0
20240925,32.15,21.11,53.47,28.63,25.48,0.0,29.61,24.45,4.11,37.0,25.35,46.28,35.57,25.6,0.0
20240926,31.81,22.05,0.43,29.68,27.62,0.0,29.57,24.33,0.23,35.48,25.82,47.99,32.47,25.85,0.0
20240927,32.34,21.55,1.66,29.79,25.81,0.0,30.91,24.5,0.45,35.89,26.68,25.3,35.15,26.36,0.0
20240928,32.84,21.91,0.0,30.44,26.43,0.0,30.94,24.17,0.0,35.11,25.19,4.09,34.19,25.79,0.0
20240929,33.13,21.35,0.0,30.77,26.2,0.0,31.75,24.48,0.0,34.79,25.11,0.0,34.32,25.96,0.0
20240930,32.84,20.27,0.0,30.06,26.35,0.0,31.8,25.56,0.0,32.13,24.98,2.75,34.57,25.5,0.0
20241001,31.29,20.59,0.0,31.19,25.98,0.46,30.06,24.69,0.0,34.13,25.01,0.0,34.72,25.48,0.0
20241002,32.34,20.69,0.0,31.39,26.7,0.0,28.2,24.56,0.0,35.63,24.67,0.17,37.07,25.98,0.0
20241003,32.14,20.91,0.06,31.0,25.26,0.0,28.99,25.8,0.0,36.26,25.35,0.0,36.73,25.32,0.0
20241004,33.12,22.15,10.64,31.67,24.56,0.0,28.42,25.43,0.0,35.67,25.78,0.25,35.83,25.48,0.0
20241005,31.86,20.86,13.87,30.78,25.41,0.0,30.25,25.16,0.0,33.8,22.68,0.03,35.65,25.03,0.0
20241006,32.45,20.78,0.0,30.71,25.11,0.0,30.29,25.54,0.0,30.25,22.52,2.34,35.37,25.71,0.0
20241007,30.45,20.73,0.0,30.91,26.66,0.0,29.43,25.1,0.0,31.74,24.52,0.13,33.32,26.19,0.0
20241008,30.97,20.83,0.0,29.46,25.65,2.06,30.56,24.66,0.0,32.39,24.25,0.0,33.87,25.44,0.0
20241009,30.84,19.99,0.0,29.6,25.66,0.0,30.78,23.6,0.0,31.3,22.32,0.23,33.35,25.13,0.0
20241010,30.1,19.65,0.0,28.08,25.27,0.0,30.96,24.97,0.0,32.24,24.04,3.74,30.35,25.03,0.0
20241011,30.17,20.21,2.28,29.56,25.63,0.0,31.3,25.47,0.0,32.61,23.51,0.0,32.87,25.01,0.0
20241012,29.49,19.94,3.6,27.15,25.65,0.0,30.43,25.77,0.0,32.49,23.77,0.01,32.1,25.33,0.0
20241013,30.95,19.72,0.0,30.13,25.73,0.0,30.19,25.72,0.0,31.61,22.76,0.0,33.32,25.53,0.0
20241014,31.31,19.76,1.06,29.68,24.95,0.0,30.16,25.65,0.0,27.45,22.98,0.0,28.5,23.78,0.0
20241015,31.56,19.45,0.0,27.03,23.6,0.0,30.78,26.16,0.0,27.81,22.48,0.0,26.2,24.1,0.0
20241016,29.65,20.6,1.69,27.62,23.43,0.0,31.0,24.8,0.0,31.79,22.64,0.0,26.68,23.68,0.0
20241017,31.12,20.5,8.75,28.87,24.6,0.0,30.72,24.74,0.0,33.94,23.51,8.31,33.12,24.08,0.0
20241018,32.52,20.66,1.52,30.2,25.75,0.0,30.82,25.12,0.0,34.41,24.17,9.97,31.69,24.93,0.0
20241019,32.84,20.08,14.0,31.05,23.78,0.0,28.61,24.42,0.0,31.47,23.02,0.13,32.42,24.59,0.0
20241020,32.87,20.49,0.0,30.38,25.2,0.0,28.46,25.27,0.0,32.05,24.22,0.16,32.69,25.0,0.0
20241021,32.19,19.89,0.0,30.97,25.78,0.0,28.34,24.4,0.0,32.13,23.94,0.0,33.51,25.0,0.0
20241022,32.44,21.08,0.0,31.37,26.08,0.1,27.48,24.88,0.0,33.16,23.48,0.0,34.02,24.96,0.0
20241023,33.16,19.26,4.05,31.6,25.73,0.0,29.13,24.45,0.0,33.64,22.04,0.0,34.14,24.69,0.0
20241024,31.26,20.39,0.0,30.88,25.81,0.0,29.84,26.17,0.0,33.33,23.69,30.49,32.57,24.73,0.0
20241025,31.26,20.0,0.0,30.68,25.01,0.0,30.38,24.18,0.0,32.91,23.22,0.39,34.35,24.21,0.0
20241026,31.44,18.81,0.0,31.12,25.16,0.0,30.32,23.74,0.0,33.59,22.76,39.23,34.8,23.34,0.0
20241027,31.41,19.85,0.0,31.12,25.92,0.0,30.61,24.26,0.0,34.45,23.06,0.0,34.52,24.31,0.0
20241028,31.69,20.09,0.0,31.35,26.08,0.0,30.85,24.49,0.0,34.47,24.11,0.0,35.12,23.71,0.0
20241029,32.78,21.1,0.0,31.36,27.65,0.0,31.14,23.54,0.0,34.77,25.67,0.0,33.92,25.43,0.0
20241030,33.25,20.88,0.0,31.92,25.63,0.0,30.68,25.87,0.0,33.8,24.44,0.0,33.89,25.23,0.0
20241031,33.62,21.18,0.0,32.1,25.38,0.0,30.67,24.89,0.0,32.84,24.25,0.02,33.2,24.73,0.0
20241101,33.41,20.17,0.0,32.0,25.23,0.0,30.31,24.7,0.0,30.92,23.29,0.0,33.44,24.96,0.0
20241102,32.88,20.0,0.0,31.63,25.21,0.0,30.66,25.17,0.0,32.14,23.31,0.0,32.35,24.56,0.0
20241103,32.92,19.25,0.17,31.32,24.38,0.0,30.0,25.05,0.0,32.23,23.29,0.0,32.65,24.59,0.0
20241104,32.58,20.32,0.0,31.01,24.45,0.0,30.32,25.47,0.0,32.15,23.21,0.17,32.72,24.39,0.0
20241105,32.97,19.1,0.0,31.16,24.51,0.0,28.67,24.27,0.0,31.99,22.59,0.0,32.77,23.53,0.0
20241106,32.84,19.37,0.0,31.94,24.38,0.0,29.33,22.68,0.0,32.81,23.39,0.0,31.93,22.43,0.0
20241107,33.51,20.0,0.0,32.7,24.4,0.0,28.65,22.34,0.0,29.6,24.02,0.0,28.38,24.04,0.0
20241108,32.74,20.39,0.0,32.79,24.64,0.0,29.94,22.36,0.0,29.92,23.75,0.0,32.4,24.13,0.0
20241109,32.42,19.32,0.0,33.13,24.65,0.0,30.79,22.63,0.0,30.78,23.12,0.0,31.94,23.43,0.0
20241110,33.52,18.62,0.0,32.65,24.33,0.0,30.5,23.94,0.0,31.71,22.86,0.0,31.92,23.61,0.0
20241111,32.83,19.31,0.0,32.04,24.55,0.0,30.65,23.33,0.0,31.97,23.89,0.0,31.73,23.73,0.0
20241112,32.46,19.59,0.0,32.37,24.78,0.0,30.32,22.01,0.0,31.76,23.85,0.0,27.75,24.51,0.0
20241113,33.22,20.96,0.0,33.79,23.7,0.0,30.42,23.99,0.0,30.32,22.92,0.0,28.61,23.5,0.0
20241114,32.51,20.61,0.0,33.09,24.63,0.0,30.83,25.59,0.0,31.32,24.14,0.0,30.83,24.25,0.0
20241115,32.57,20.06,1.31,32.49,24.18,0.0,30.77,24.51,0.0,29.39,23.04,0.0,31.07,24.08,0.0
20241116,32.38,20.49,0.0,32.81,24.55,0.0,30.84,25.1,0.0,31.0,22.77,0.0,30.56,24.05,0.0
20241117,32.66,19.77,0.0,32.52,24.41,0.0,31.15,24.84,0.0,28.73,23.03,0.0,30.83,23.88,0.0
20241118,33.08,19.01,0.0,32.72,24.73,0.0,30.51,23.2,0.0,29.71,22.54,0.0,30.9,23.95,0.0
20241119,32.8,19.8,0.0,32.74,23.95,0.0,30.03,22.41,0.0,29.88,22.84,0.0,30.65,22.68,0.0
20241120,32.44,19.42,0.0,32.6,23.14,0.0,30.92,21.17,0.0,24.77,22.82,0.0,30.7,22.23,0.0
20241121,31.69,19.48,0.0,32.23,23.75,0.0,30.5,20.37,0.0,28.69,23.02,0.0,31.02,21.58,0.0
20241122,32.94,18.32,0.0,31.95,22.18,0.0,30.22,20.91,0.0,30.05,21.95,0.0,30.8,20.41,0.0
20241123,33.07,19.85,0.0,32.43,23.33,0.0,29.82,20.25,0.0,29.85,21.94,0.0,30.85,21.18,0.0
20241124,33.14,19.68,0.0,33.08,24.3,0.0,29.97,20.49,0.0,29.36,21.73,0.0,30.82,21.96,0.0
20241125,33.26,19.07,0.0,32.73,23.5,0.0,29.76,20.55,0.0,28.2,22.57,0.0,29.33,21.93,0.0
20241126,31.75,19.63,0.0,32.39,24.08,0.0,27.63,20.06,0.0,26.33,22.17,0.0,25.53,22.42,0.0
20241127,32.27,18.98,0.0,31.46,22.1,0.0,30.24,20.8,0.0,24.66,21.2,0.0,28.05,21.23,0.0
20241128,32.95,19.0,0.0,32.7,23.28,0.0,31.13,20.72,0.0,26.16,21.44,0.0,28.45,20.85,0.0
20241129,33.28,19.99,0.0,32.68,22.2,0.0,30.47,19.07,0.0,28.84,22.27,0.0,24.61,22.36,0.0
20241130,32.06,19.95,0.0,31.22,22.01,0.0,30.56,19.95,0.0,28.83,22.29,0.13,25.3,22.2,0.0
20241201,32.15,20.03,0.0,31.76,24.28,0.0,30.51,22.7,0.0,29.67,21.69,1.61,27.28,22.5,0.0
20241202,29.28,20.12,0.0,27.3,23.61,0.0,30.47,23.83,0.0,31.29,22.36,0.17,29.13,24.18,0.0
20241203,31.03,19.61,0.72,26.25,25.3,0.0,30.17,25.36,0.0,31.21,22.0,0.0,31.27,24.1,0.0
20241204,32.21,21.26,0.92,29.22,25.27,0.0,30.06,26.0,0.0,31.11,22.77,0.0,31.01,24.45,0.0
20241205,32.6,20.25,0.0,31.09,24.43,0.0,30.58,24.27,0.0,31.34,22.96,0.0,31.56,23.75,0.0
20241206,32.5,19.67,0.19,31.45,24.92,0.0,30.33,24.43,0.0,31.65,23.08,0.0,32.32,24.01,0.0
20241207,33.18,20.13,0.0,31.3,24.85,0.0,29.95,24.31,0.0,31.61,23.01,0.0,31.95,24.13,0.0
20241208,32.8,19.86,0.0,31.41,23.63,0.0,29.61,25.24,0.0,31.31,21.4,0.0,32.15,23.27,0.0
20241209,33.22,19.29,0.0,31.33,24.37,0.0,30.29,22.62,0.05,31.42,21.41,0.0,31.37,23.26,0.0
20241210,32.85,19.75,0.0,31.18,24.68,0.0,30.45,23.05,0.0,30.26,22.21,0.26,30.9,23.13,0.0
20241211,33.39,19.5,0.0,32.17,24.78,0.0,30.4,23.91,0.0,25.39,22.71,0.0,28.1,23.93,0.0
20241212,31.41,19.45,0.0,30.58,23.88,0.0,30.32,21.54,0.0,27.23,21.66,0.0,25.25,23.81,0.0
20241213,30.11,19.34,0.0,30.41,23.93,0.0,27.4,21.81,0.0,26.14,21.09,0.0,28.83,23.31,0.0
20241214,30.92,18.18,0.0,32.51,22.66,0.0,28.39,22.13,0.0,28.44,21.22,0.0,29.25,22.6,0.0
20241215,32.91,17.55,0.0,31.61,21.93,0.0,29.05,20.43,0.0,28.82,21.25,0.0,29.38,21.49,0.0
20241216,33.0,18.27,0.0,32.33,21.85,0.0,28.45,17.78,0.0,28.57,19.78,0.0,29.2,20.38,0.0
20241217,32.48,18.65,0.0,31.78,23.18,0.0,28.78,16.2,0.0,28.48,20.41,0.0,27.4,20.65,0.0
20241218,32.59,19.11,0.0,31.21,22.38,0.0,30.32,17.0,0.0,30.22,21.22,0.0,25.68,21.78,0.0
20241219,32.92,19.6,0.0,31.57,23.83,0.0,30.17,18.38,0.0,30.81,22.28,0.0,28.03,23.08,0.0
20241220,32.4,19.64,0.0,31.41,24.53,0.0,30.1,20.93,0.0,31.49,22.62,0.0,29.08,23.83,0.0
20241221,32.75,20.48,0.0,31.36,24.15,0.0,30.05,21.59,0.0,31.81,23.9,1.81,31.37,23.16,0.0
20241222,32.39,19.41,0.0,31.55,23.9,0.0,29.78,21.43,0.0,31.03,23.5,1.73,30.55,22.68,0.0
20241223,32.43,17.66,0.0,30.91,22.53,0.0,29.97,21.03,0.0,30.99,22.33,0.0,30.65,20.91,0.0
20241224,32.1,17.9,0.0,31.03,23.9,0.0,29.2,21.31,0.64,31.86,20.64,0.0,24.81,23.5,0.0
20241225,31.7,17.93,0.0,30.7,22.95,0.0,29.94,21.79,5.46,30.81,22.49,0.0,26.06,21.65,0.0
20241226,32.53,19.04,0.0,31.18,23.43,0.0,29.66,22.23,0.0,30.51,22.56,0.0,29.92,23.1,0.0
20241227,32.03,19.82,0.23,32.25,24.17,0.0,30.04,23.74,0.0,30.42,21.63,0.0,29.77,23.51,0.0
20241228,32.24,17.93,0.0,33.14,23.28,0.0,30.22,23.04,11.97,30.82,21.75,0.0,30.3,22.46,0.0
20241229,32.82,18.66,0.0,32.57,23.8,0.0,30.26,22.71,12.21,30.15,20.75,0.0,29.67,22.54,0.0
20241230,33.12,20.14,0.0,32.94,24.1,0.0,30.22,21.94,0.0,29.21,22.16,0.0,30.47,21.88,0.0
20241231,33.45,19.79,0.0,33.34,23.71,0.0,29.55,21.42,0.0,29.9,21.16,0.0,30.25,20.74,0.0
20250101,33.48,16.55,0.0,32.88,23.03,0.0,29.93,21.71,0.0,29.93,19.67,0.0,30.27,20.76,0.0
20250102,32.86,16.26,0.0,32.16,22.83,0.0,29.5,21.3,0.0,29.93,19.62,0.0,29.9,19.91,0.0
20250103,32.93,17.73,0.0,32.13,22.03,0.0,29.55,19.85,1.39,29.4,18.79,0.0,29.67,20.01,0.0
20250104,32.55,17.52,0.0,32.04,21.62,0.0,29.75,17.9,0.0,29.59,18.47,0.0,29.5,18.72,0.0
20250105,32.4,18.34,0.0,31.66,21.33,0.0,29.92,18.32,0.0,29.81,18.22,0.0,29.68,19.31,0.0
20250106,32.87,16.32,0.0,31.65,20.85,0.0,29.88,18.45,1.39,29.71,18.82,0.0,29.57,18.59,0.0
20250107,32.78,17.24,0.0,31.58,22.7,0.0,29.99,18.51,2.47,28.78,19.76,0.0,30.8,20.68,0.0
20250108,32.43,18.52,0.0,31.65,20.77,0.0,29.77,19.35,0.0,29.17,20.56,0.0,29.15,18.62,0.0
20250109,32.79,17.54,0.0,31.78,21.47,0.0,29.46,19.4,0.0,30.53,19.9,0.0,28.95,19.04,0.0
20250110,33.08,17.41,0.0,32.18,21.78,0.0,29.61,20.7,0.0,29.25,19.74,0.0,28.36,19.98,0.0
20250111,33.07,18.43,0.0,31.74,23.31,0.01,29.9,21.5,0.0,29.73,21.07,0.0,28.11,21.9,0.0
20250112,32.93,19.15,0.0,31.97,22.37,0.09,29.51,21.74,6.96,28.45,23.83,0.0,27.99,20.16,0.0
20250113,33.19,19.44,0.0,33.34,23.13,0.0,29.53,22.5,0.56,30.77,22.58,0.0,28.27,21.86,0.0
20250114,31.7,19.51,0.0,32.06,23.23,0.0,29.15,23.19,0.0,29.81,22.21,0.0,29.83,21.5,0.0
20250115,32.93,18.63,0.0,32.25,23.3,0.0,29.61,23.7,0.0,29.23,21.67,0.0,30.33,20.56,0.0
20250116,32.86,18.66,0.0,32.69,23.17,0.0,29.86,23.89,1.6,30.42,21.24,0.0,29.4,20.31,0.0
20250117,33.52,17.41,0.0,32.39,21.91,0.0,30.6,23.19,0.82,29.78,18.66,0.0,28.85,20.0,0.0
20250118,32.65,18.6,0.0,31.98,21.88,0.0,30.06,23.28,0.69,27.44,21.28,0.0,28.42,20.43,0.0
20250119,31.78,19.44,0.0,31.07,22.63,0.0,29.1,21.05,0.0,28.4,21.22,0.0,29.07,21.01,0.0
20250120,32.55,19.1,0.0,31.69,22.43,0.0,29.24,21.8,4.17,29.68,21.81,0.0,29.25,19.76,0.0
20250121,32.74,17.65,0.0,31.6,21.49,0.0,29.62,21.16,0.69,29.78,19.78,0.0,29.75,18.91,0.0
20250122,33.35,18.75,0.0,31.84,21.78,0.0,30.07,18.74,0.0,29.31,19.87,0.0,29.4,17.79,0.0
20250123,32.33,18.53,0.0,31.7,21.8,0.0,29.35,19.01,0.0,29.75,20.67,0.0,30.53,19.73,0.0
20250124,32.35,17.64,0.0,32.87,21.61,0.0,29.53,21.41,0.05,30.21,19.72,0.0,30.33,19.37,0.0
20250125,32.14,18.63,0.0,31.72,21.6,0.0,29.84,20.35,0.0,30.31,19.84,0.0,30.2,18.89,0.0
20250126,33.05,18.51,0.0,32.85,20.8,0.0,30.14,19.8,0.0,29.96,19.15,0.0,30.47,18.09,0.0
20250127,32.67,15.83,0.0,32.69,21.15,0.0,29.61,19.28,0.0,29.9,17.94,0.0,30.9,18.18,0.0
20250128,32.37,17.25,0.0,31.33,21.26,0.0,29.55,19.48,0.0,30.16,18.96,0.0,30.52,18.66,0.0
20250129,32.45,18.69,0.0,31.52,21.65,0.0,30.31,19.43,0.0,30.02,20.35,0.0,30.22,18.39,0.0
20250130,32.84,18.17,0.0,32.35,22.45,0.0,30.5,19.78,0.0,29.67,20.49,0.0,32.29,18.32,0.0
20250131,33.63,19.77,0.0,32.71,23.95,0.0,30.31,19.43,0.0,31.55,21.79,0.0,32.67,21.46,0.0
20250201,32.85,19.17,0.0,32.6,24.08,0.0,30.21,20.8,0.0,31.64,22.55,0.0,32.52,22.66,0.0
20250202,33.75,19.21,0.0,32.35,23.0,0.0,30.16,21.01,0.0,31.72,22.78,0.0,31.82,21.81,0.0
20250203,33.36,19.24,0.0,32.45,21.43,0.0,29.89,20.41,0.0,30.81,20.46,0.0,32.24,18.02,0.0
20250204,33.68,17.39,0.0,32.73,21.03,0.0,30.01,18.95,0.0,31.03,19.71,0.0,32.97,18.69,0.0
20250205,33.08,17.44,0.0,32.41,22.2,0.0,30.33,20.06,21.02,31.72,19.52,0.0,33.62,19.34,0.0
20250206,32.86,18.02,0.0,33.58,21.48,0.0,30.29,20.64,3.16,31.83,19.21,0.0,32.49,19.29,0.0
20250207,33.14,16.67,0.0,32.86,21.18,0.0,30.1,20.62,0.0,31.27,19.84,0.0,32.27,19.54,0.0
20250208,33.41,16.75,0.0,33.04,21.95,0.0,30.16,21.45,0.0,31.48,18.81,0.0,32.34,19.52,0.0
20250209,33.03,17.55,0.0,32.89,22.12,0.0,30.49,21.22,0.0,31.52,20.67,0.0,31.5,19.82,0.0
20250210,33.06,17.47,0.0,33.02,22.75,0.0,30.74,21.86,0.0,31.15,21.58,0.0,31.55,20.61,0.0
20250211,33.25,17.72,0.0,32.22,21.25,0.0,30.47,21.12,0.0,32.3,20.07,0.0,32.12,19.63,0.0
20250212,33.24,18.11,0.0,32.21,21.85,0.0,30.44,20.9,0.0,32.08,20.45,0.0,32.82,18.0,0.0
20250213,32.79,18.04,0.0,32.3,20.15,0.0,30.42,21.17,0.0,31.54,19.38,0.0,32.94,17.98,0.0
20250214,32.78,16.73,0.0,32.31,20.43,0.0,30.54,20.43,0.0,31.53,19.36,0.0,33.46,18.71,0.0
20250215,33.58,16.34,0.0,32.77,21.03,0.0,30.1,21.69,0.0,31.49,18.84,0.0,33.69,19.76,0.0
20250216,33.4,17.3,0.0,32.81,21.93,0.0,30.15,21.0,0.0,32.05,19.61,0.0,33.59,20.21,0.0
20250217,33.04,18.28,0.0,32.81,22.88,0.0,30.09,20.55,0.0,32.15,20.46,0.0,32.84,20.61,0.0
20250218,33.54,17.77,0.0,32.77,22.08,0.0,30.13,22.6,0.0,32.35,19.97,0.0,32.69,20.69,0.0
20250219,33.14,17.57,0.0,32.5,21.75,0.0,30.07,23.18,0.0,32.15,20.07,0.07,32.66,20.17,0.0
20250220,33.58,18.3,0.0,33.14,22.05,0.0,30.89,23.19,2.39,32.1,20.74,0.0,32.96,21.63,0.0
20250221,33.31,18.71,0.0,32.58,22.16,0.0,30.96,24.41,14.69,31.72,20.71,22.82,32.47,21.74,0.0
20250222,32.59,18.54,0.07,32.24,23.1,0.0,31.26,24.85,0.08,32.26,21.25,0.0,33.04,21.84,0.0
20250223,33.98,19.02,0.0,33.17,22.45,0.0,31.34,24.33,0.79,32.54,22.38,0.75,33.69,21.86,0.0
20250224,34.13,18.6,0.0,36.09,22.7,0.0,30.04,21.77,0.0,32.54,21.33,0.0,33.35,20.64,0.0
20250225,33.99,18.46,0.0,35.22,23.26,0.0,29.13,21.59,0.0,32.53,21.26,0.0,33.4,21.34,0.0
20250226,34.77,19.63,0.0,34.51,24.01,0.0,29.21,22.44,17.14,32.95,21.96,0.0,33.45,20.99,0.0
20250227,34.7,18.93,0.0,35.29,23.68,0.0,30.7,22.6,17.94,33.01,21.27,0.0,33.3,21.14,0.0
20250228,34.59,19.64,0.0,35.27,24.67,0.0,31.03,23.26,83.05,29.33,21.27,0.0,33.07,20.86,0.0
20250301,33.64,19.44,0.0,35.01,25.13,0.0,30.92,23.29,71.98,30.91,22.02,0.0,33.32,22.16,0.0
20250302,33.05,20.33,0.0,34.37,24.68,0.0,31.38,22.43,0.0,31.68,23.84,0.0,34.27,22.58,0.0
20250303,34.15,20.28,0.0,32.98,25.25,0.0,31.89,22.05,0.0,32.53,23.25,0.0,35.16,23.23,0.0
20250304,33.7,19.86,0.0,33.5,24.22,0.0,31.54,23.83,16.98,32.45,22.34,0.0,34.94,22.06,0.0
20250305,33.98,19.56,0.0,33.02,23.75,0.0,32.04,23.36,0.0,32.86,21.44,0.0,35.76,22.54,0.0
20250306,34.06,20.07,0.0,33.56,23.38,0.0,32.07,24.17,0.0,34.01,22.04,0.0,37.07,22.69,0.0
20250307,33.57,19.71,0.0,33.37,22.25,0.0,31.13,21.81,0.0,32.98,22.78,0.0,35.29,18.85,0.0
20250308,33.87,19.42,0.0,32.86,22.72,0.0,31.11,20.84,0.0,33.14,22.06,0.0,35.14,19.84,0.0
20250309,33.74,19.85,0.0,33.53,22.32,0.0,30.71,22.27,0.0,33.0,21.74,0.0,33.57,20.64,0.0
20250310,34.3,19.37,0.0,34.32,23.68,0.0,31.3,24.05,0.0,33.7,21.88,0.0,33.87,21.44,0.0
20250311,34.77,20.41,0.0,34.22,25.65,0.0,32.05,24.48,1.15,31.49,23.05,0.0,32.36,22.43,0.0
20250312,32.77,19.18,0.0,34.83,24.84,0.0,32.65,23.84,0.0,28.27,22.64,0.0,33.97,24.13,0.0
20250313,33.61,18.42,0.0,33.22,24.5,0.0,32.92,24.11,0.0,32.01,21.15,0.0,35.66,23.31,0.0
20250314,34.08,20.14,0.0,33.22,24.2,0.0,31.69,25.32,0.17,32.67,21.96,0.0,35.4,23.56,0.0
20250315,34.25,20.53,0.0,33.57,24.04,0.0,31.58,25.56,3.47,33.06,23.08,0.0,35.11,22.88,0.0
20250316,34.26,21.2,0.0,33.4,24.84,0.0,31.45,24.86,24.85,33.65,22.98,0.0,34.99,22.81,0.0
20250317,33.16,21.38,0.0,32.94,25.8,0.0,32.0,24.06,5.17,33.75,24.2,0.2,35.8,23.95,0.0
20250318,33.97,19.92,0.0,32.98,26.1,0.0,31.99,24.57,0.0,33.82,24.14,0.02,35.54,24.86,0.0
20250319,34.26,20.91,0.0,33.69,25.65,0.0,31.91,25.16,0.0,33.79,24.05,0.0,35.54,24.7,0.0
20250320,34.35,20.59,0.0,32.48,25.35,0.0,32.46,23.73,0.0,33.67,23.95,0.0,35.61,24.46,0.0
20250321,34.82,21.48,0.0,32.36,26.8,0.07,31.59,24.22,0.0,34.14,23.85,0.0,35.49,25.13,0.0
20250322,34.44,19.52,0.0,32.11,26.8,0.0,31.75,22.74,0.0,34.0,24.36,1.92,35.41,25.73,0.0
20250323,34.36,19.97,0.0,32.84,27.48,0.0,32.11,22.5,0.0,33.89,24.64,2.3,35.09,26.1,0.0
20250324,34.55,21.28,0.0,32.23,26.28,0.0,31.96,24.05,0.0,34.35,24.08,0.0,35.34,25.46,0.0
20250325,34.65,20.68,0.0,32.24,25.12,0.0,31.98,25.44,0.0,33.84,23.71,0.0,35.21,24.51,0.0
20250326,34.27,20.55,0.0,31.56,24.58,0.0,32.73,24.95,0.0,33.6,22.92,0.0,35.68,23.98,0.0
20250327,34.04,20.92,0.0,32.6,24.81,0.0,31.91,23.78,0.0,34.48,23.54,0.0,38.14,23.91,0.0
20250328,34.78,21.26,0.0,32.44,25.47,0.0,31.59,23.89,0.0,34.61,24.51,0.0,37.86,24.83,0.0
20250329,34.53,19.82,0.0,33.27,26.35,0.0,31.58,24.96,0.0,35.14,23.6,0.0,38.67,24.88,0.0
20250330,34.21,19.85,0.0,33.1,24.79,0.0,31.74,25.65,0.0,34.12,21.92,0.0,36.08,23.7,0.0
20250331,34.16,20.46,0.0,32.77,25.01,0.0,31.9,26.07,0.0,34.34,22.41,0.0,35.01,24.08,0.0
20250401,33.96,21.64,0.0,33.44,25.35,0.0,32.32,25.86,0.0,33.51,22.99,0.0,34.87,23.81,0.0
20250402,32.71,21.59,0.0,28.42,25.98,0.0,32.38,26.06,0.0,33.91,23.65,0.0,35.44,24.98,0.0
20250403,34.19,19.81,0.0,33.11,25.47,0.0,29.71,26.41,0.0,32.03,23.43,0.0,33.44,26.41,0.0
20250404,34.39,21.03,1.48,31.26,25.73,0.0,26.72,25.2,0.0,33.5,23.91,0.0,35.39,25.35,0.0
20250405,33.83,19.99,0.0,32.88,25.68,0.0,29.97,25.59,0.0,33.76,23.34,0.0,35.51,25.31,0.0
20250406,34.18,19.65,5.17,33.16,26.1,0.0,27.78,26.03,0.0,34.97,24.22,0.0,36.86,25.41,0.0
20250407,34.07,18.37,0.0,33.33,27.05,0.0,29.73,26.08,0.0,34.64,22.4,0.0,36.86,25.7,0.0
20250408,34.15,21.74,0.0,33.65,26.75,0.0,31.45,25.63,0.0,34.59,24.34,0.0,35.99,25.69,0.0
20250409,34.33,21.61,0.0,31.93,26.3,0.0,30.22,24.86,0.0,34.51,24.66,0.0,36.26,25.25,0.0
20250410,33.05,20.96,0.03,32.29,26.63,0.0,28.78,25.22,0.0,37.21,24.75,0.0,38.59,25.96,0.0
20250411,34.11,21.32,11.94,30.52,27.78,0.0,31.16,26.11,0.71,36.99,25.5,8.26,36.79,25.65,0.0
20250412,33.86,19.4,0.0,30.88,26.48,7.33,31.39,25.29,1.77,36.15,22.54,0.0,39.87,26.45,0.0
20250413,34.24,21.79,0.0,32.9,27.83,0.0,31.46,24.29,0.11,35.8,24.54,0.0,37.74,27.71,0.0
20250414,34.29,20.59,0.0,31.78,27.63,0.0,31.59,24.94,0.0,34.26,23.95,0.0,36.89,26.65,0.0
20250415,34.94,20.65,0.0,33.51,27.65,0.0,30.71,25.85,0.0,34.75,22.31,0.0,36.33,25.15,0.0
20250416,34.8,21.58,0.0,33.5,27.83,0.0,29.81,25.33,0.0,34.72,24.6,0.0,34.6,25.61,0.0
20250417,34.82,21.62,0.0,32.92,26.8,0.0,30.72,25.95,4.87,34.56,24.7,0.07,36.76,27.15,0.0
20250418,34.82,21.98,0.0,31.39,27.52,0.0,30.72,26.59,0.0,34.81,26.77,28.02,36.76,27.77,0.0
20250419,34.38,21.6,0.17,33.86,27.88,0.0,30.44,26.87,6.48,35.89,25.63,0.0,38.26,27.75,0.0
20250420,34.47,22.57,0.0,33.26,28.46,0.0,30.37,26.55,1.39,36.16,26.21,0.0,39.1,27.95,0.0
20250421,34.75,22.76,0.0,33.73,28.62,0.0,31.04,26.84,7.98,36.31,26.06,0.0,37.21,27.97,0.0
20250422,35.04,22.19,0.0,32.8,27.04,0.0,32.08,26.92,4.77,35.54,25.52,0.0,36.91,26.9,0.0
20250423,34.24,21.72,0.0,32.58,27.28,0.0,35.49,25.97,0.0,36.01,25.28,0.0,37.91,26.92,0.0
20250424,34.06,22.2,0.0,33.62,28.03,0.0,31.67,26.65,0.0,36.55,26.16,0.0,38.43,27.25,0.0
20250425,33.7,22.76,0.0,33.69,28.44,0.0,31.86,26.72,0.0,35.98,26.42,0.0,37.91,27.98,0.0
20250426,34.11,22.24,0.77,34.19,28.53,0.0,31.56,26.32,0.0,35.46,26.15,0.0,37.19,27.7,0.0
20250427,34.2,21.85,0.0,33.62,27.93,0.0,30.92,27.08,0.0,35.31,25.9,4.1,37.16,27.28,0.0
20250428,34.84,20.87,35.18,33.59,27.96,0.0,31.67,26.12,0.0,34.2,25.01,0.0,36.61,26.95,0.0
20250429,35.16,21.88,0.0,32.67,27.43,0.0,29.85,26.43,0.0,34.36,24.96,20.42,36.89,26.65,0.0
20250430,35.02,21.53,0.0,33.06,28.2,0.0,30.61,26.62,0.0,35.4,26.44,0.0,38.06,27.25,0.0
20250501,34.67,22.09,0.0,31.8,28.19,0.0,29.81,27.03,0.0,35.13,25.76,10.0,37.67,28.28,0.0
20250502,35.38,21.81,0.0,31.53,28.28,0.0,31.13,27.73,1.22,34.8,25.83,8.77,37.96,27.9,0.0
20250503,34.15,21.78,0.0,31.31,28.31,0.0,29.7,27.74,0.86,36.46,24.97,0.0,39.37,27.93,0.0
20250504,35.52,22.64,0.0,33.39,28.21,2.27,31.1,26.82,2.14,35.55,25.66,0.23,39.7,28.8,0.0
20250505,34.28,21.35,0.0,32.38,24.36,12.93,31.09,24.68,2.83,33.87,21.71,0.0,36.63,25.73,0.0
20250506,35.29,21.92,0.0,33.78,27.28,0.0,31.4,26.41,0.0,35.89,25.43,0.0,37.98,27.35,0.0
20250507,34.98,20.77,0.0,33.44,24.38,0.0,31.16,26.5,0.46,34.88,23.71,0.0,37.1,24.29,0.0
20250508,34.56,20.9,0.0,33.33,26.46,2.21,29.88,26.24,5.23,35.79,22.64,0.0,37.57,26.86,0.0
20250509,34.49,21.48,0.0,32.64,26.4,0.26,30.78,25.78,1.28,35.96,24.21,0.0,37.52,25.93,0.0
20250510,34.14,22.42,0.0,32.99,27.22,0.01,30.94,25.7,5.09,34.53,24.96,0.0,37.64,26.31,0.0
20250511,33.96,21.33,0.0,32.97,28.07,0.0,30.92,26.94,0.21,35.98,25.05,0.0,38.21,28.13,0.0
20250512,33.91,21.79,0.0,32.51,27.26,0.0,30.75,27.02,2.19,37.27,25.42,0.0,39.57,27.93,0.0
20250513,33.71,22.89,0.15,31.6,27.29,0.0,30.32,26.89,0.07,37.16,25.35,6.82,39.29,28.38,0.0
20250514,34.3,21.04,6.96,32.82,28.25,0.0,29.38,26.42,0.0,36.04,26.85,0.0,38.76,28.73,0.0
20250515,33.74,21.92,1.13,32.62,27.54,0.0,29.31,27.6,0.0,35.63,24.39,0.0,38.51,27.28,0.0
20250516,33.93,20.21,0.06,31.34,28.43,0.0,27.97,27.34,1.98,36.48,25.36,0.95,37.64,27.33,0.0
20250517,33.75,21.57,0.0,32.54,25.25,0.0,30.11,26.77,1.78,31.27,24.12,0.0,36.12,27.38,0.0
20250518,33.76,21.46,38.61,31.75,25.76,0.0,30.81,27.08,0.0,34.15,23.6,6.34,36.18,25.86,0.0
20250519,33.11,21.25,53.75,31.45,25.61,0.0,31.03,25.81,0.82,32.63,22.91,8.87,33.28,25.2,0.0
20250520,31.88,20.81,11.79,25.71,27.28,0.0,31.19,27.72,0.0,32.45,23.76,4.35,34.7,26.42,0.0
20250521,32.19,21.63,25.85,26.94,25.18,0.0,30.98,25.84,0.0,34.59,25.25,0.05,35.22,25.36,0.0
20250522,33.23,21.92,2.36,30.42,26.63,0.0,31.04,24.85,0.0,35.64,25.4,42.58,36.47,25.45,0.0
20250523,32.14,22.4,0.0,28.87,27.65,0.0,30.55,24.83,0.0,35.23,25.79,0.0,37.72,26.88,0.0
20250524,29.19,20.57,0.0,28.15,25.55,0.0,28.83,25.39,0.0,33.32,25.63,3.47,35.52,28.31,0.0
20250525,30.42,21.15,2.14,27.41,27.53,0.81,29.49,25.51,5.53,34.08,24.26,2.91,35.64,28.86,0.0
20250526,29.52,21.03,27.02,25.48,26.78,0.0,29.03,24.18,0.0,33.34,23.78,0.55,35.31,26.65,0.0
20250527,31.44,20.76,25.28,28.11,27.13,0.0,29.78,24.91,0.0,34.5,23.66,50.81,34.62,26.83,0.0
20250528,31.76,21.45,9.51,27.36,27.38,0.0,30.75,23.97,3.28,35.2,25.58,17.67,36.28,27.83,0.0
20250529,29.32,21.65,28.77,25.81,27.91,0.58,30.38,24.95,0.43,34.56,24.94,5.58,36.63,28.23,0.0
20250530,28.11,20.79,2.68,24.98,27.73,1.49,31.61,26.5,3.04,33.47,24.27,16.27,33.67,27.38,0.0
20250531,30.44,20.34,0.0,29.36,25.08,0.0,31.66,27.11,0.42,35.31,24.59,0.32,36.74,25.23,0.0
20250601,32.54,21.21,0.0,30.48,27.58,0.0,30.45,26.56,0.05,35.48,25.75,0.12,38.84,27.53,0.0
20250602,32.34,21.08,0.0,30.24,27.61,0.0,31.26,24.98,1.87,36.05,25.17,0.0,38.15,26.21,0.0
20250603,32.09,21.12,0.0,29.13,28.03,0.0,30.82,24.45,3.23,36.28,25.78,10.04,38.2,27.86,0.0
20250604,31.07,21.75,0.7,30.51,25.81,0.0,32.07,25.78,10.5,36.61,25.42,7.14,37.95,27.14,0.0
20250605,32.94,21.75,0.48,31.56,26.75,0.0,31.97,24.51,0.43,36.58,25.63,19.89,37.62,27.44,0.0
20250606,33.48,22.07,0.0,31.85,28.48,0.0,31.26,24.95,0.0,35.04,26.16,0.18,38.19,28.7,0.0
20250607,33.38,20.93,0.0,31.07,28.4,0.0,29.13,25.67,0.0,36.94,25.89,0.49,38.2,27.16,0.0
20250608,32.82,20.81,0.03,31.69,27.54,0.0,26.34,26.18,0.0,36.66,25.57,0.0,38.2,28.01,0.0
20250609,32.54,20.97,32.19,30.44,26.85,0.0,28.38,24.64,0.0,36.89,25.49,0.0,38.34,28.38,0.0
20250610,32.43,21.8,0.0,30.68,26.11,0.0,30.01,25.17,0.0,35.81,24.56,0.0,38.34,28.41,0.0
20250611,30.77,22.29,5.53,28.1,25.25,0.0,30.35,27.02,0.0,35.53,26.12,0.03,35.25,28.16,0.0
20250612,31.27,21.41,6.58,27.67,25.62,0.0,26.99,25.43,0.0,35.08,24.86,0.0,35.99,26.83,0.0
20250613,30.26,22.08,2.28,26.51,26.33,0.0,28.16,24.69,0.0,35.8,25.61,0.05,36.23,26.11,0.0
20250614,28.62,21.31,0.0,26.16,27.18,0.0,28.43,25.83,0.0,34.84,25.3,0.01,37.1,26.46,0.0
20250615,28.82,20.42,1.57,24.66,27.48,0.26,29.12,24.38,0.0,34.25,24.81,0.01,35.8,27.13,0.0
20250616,30.08,20.95,3.86,24.45,27.25,6.15,29.35,25.07,2.25,34.46,24.37,0.28,35.44,26.15,0.0
20250617,30.45,21.2,0.0,25.42,27.31,0.0,29.21,25.87,17.33,34.81,24.9,10.91,37.42,26.98,0.0
20250618,30.69,21.84,0.0,27.89,27.63,0.51,28.96,25.91,15.39,34.99,24.87,39.32,38.24,26.61,0.0
20250619,30.55,22.08,0.0,28.99,28.03,0.77,28.06,26.05,0.94,35.04,25.03,9.23,37.44,27.81,0.0
20250620,31.81,21.7,0.0,29.12,27.73,11.45,29.38,25.8,5.32,35.92,25.57,3.77,39.07,28.08,0.0
20250621,32.1,21.07,0.07,29.59,25.93,15.57,26.58,25.99,0.0,35.32,25.57,5.71,35.99,26.38,0.0
20250622,31.52,22.1,0.0,27.8,28.18,18.75,28.42,25.49,0.0,36.19,26.09,0.0,34.7,27.33,0.0
20250623,31.05,21.27,0.0,27.07,24.63,0.0,28.82,23.99,0.37,33.51,24.7,0.04,34.17,25.61,0.0
20250624,32.1,21.47,0.0,28.29,26.98,0.0,28.05,24.71,1.04,36.55,25.58,3.18,36.42,27.03,0.0
20250625,31.62,22.04,7.59,27.81,27.96,1.27,29.66,25.4,5.85,34.89,25.96,0.0,34.36,27.63,0.0
20250626,29.42,21.44,4.85,26.64,27.71,20.88,29.58,25.23,24.12,35.94,25.59,0.08,35.57,26.37,0.0
20250627,31.05,21.27,0.0,27.64,27.73,0.03,29.39,25.03,9.84,36.13,25.54,22.39,37.44,26.66,0.0
20250628,29.67,21.93,0.0,27.88,27.58,2.48,26.92,25.16,9.14,36.88,25.2,2.25,37.92,27.33,0.0
20250629,31.8,21.63,0.0,28.79,26.04,0.0,28.44,25.62,12.16,36.7,25.03,6.62,38.7,27.76,0.0
20250630,30.89,21.12,0.0,27.83,28.21,0.0,29.64,25.48,31.81,36.15,25.3,0.08,37.6,28.53,0.0
20250701,30.92,20.53,0.14,27.53,28.44,0.0,29.19,24.79,26.39,35.96,25.51,4.87,35.98,28.21,0.0
20250702,30.29,21.02,13.1,26.36,28.44,0.0,30.42,25.18,14.06,35.66,25.55,5.98,36.17,27.75,0.0
20250703,31.23,20.44,8.43,26.98,26.82,4.4,28.98,23.49,11.16,35.04,24.73,3.24,34.76,26.36,0.0
20250704,30.94,20.65,0.0,27.66,26.95,4.1,29.78,24.17,3.62,35.12,25.07,0.02,37.44,27.13,0.0
20250705,31.53,21.22,15.58,26.81,27.26,1.02,30.14,24.73,0.0,37.32,24.83,7.85,37.85,27.85,0.0
20250706,31.09,21.32,3.8,27.01,28.09,0.0,30.33,24.73,0.28,36.82,25.52,6.11,38.15,27.51,0.0
20250707,30.77,21.84,0.0,27.04,28.36,0.0,30.66,25.28,0.0,36.36,25.29,18.53,38.52,27.34,0.0
20250708,31.52,20.93,1.56,28.07,28.01,0.0,30.46,25.42,0.09,36.91,25.17,29.41,38.93,27.61,0.0
20250709,31.84,21.24,0.71,28.61,26.65,0.0,31.18,25.43,10.27,37.56,25.6,12.99,38.7,27.48,0.0
20250710,31.72,21.2,0.74,28.39,27.96,0.0,30.46,25.1,32.13,37.42,25.77,40.75,38.12,28.01,0.0
20250711,31.83,21.88,6.59,27.84,28.08,0.0,31.37,25.41,9.67,37.78,25.88,19.4,38.55,27.51,0.0
20250712,31.27,21.68,1.87,27.63,26.53,10.7,31.65,25.31,26.66,38.04,25.66,2.19,37.97,27.68,0.0
20250713,30.81,20.87,0.06,27.84,26.95,0.0,30.67,25.03,1.25,37.72,25.94,0.01,37.89,27.66,0.0
20250714,29.68,21.85,0.0,25.7,27.45,51.64,31.54,25.72,9.47,37.22,25.24,9.76,37.87,27.41,0.0
20250715,29.7,22.03,0.0,25.16,26.82,30.78,29.09,24.29,3.07,37.04,25.61,46.79,37.42,27.73,0.0
20250716,28.14,21.86,0.42,26.27,28.31,9.08,29.73,24.7,4.3,37.29,25.37,0.24,37.75,27.41,0.0
20250717,29.11,20.55,2.2,27.37,26.93,0.57,30.56,25.26,3.84,36.58,24.98,25.67,36.55,25.08,0.0
20250718,28.93,21.39,22.06,25.44,25.29,2.1,30.19,25.68,12.78,36.11,25.08,0.0,33.93,24.26,0.0
20250719,27.9,21.19,13.9,25.51,25.1,78.46,29.34,24.66,0.0,35.38,24.71,0.43,34.05,25.96,0.0
20250720,28.03,20.84,0.17,25.04,26.67,31.97,27.05,24.18,0.79,34.53,24.71,0.58,32.97,25.86,0.0
20250721,28.31,21.31,21.79,25.17,26.17,0.0,28.81,24.08,35.38,35.61,24.21,0.03,31.55,24.73,0.0
20250722,28.7,21.5,15.82,25.65,25.5,0.11,29.41,24.12,14.19,34.14,24.43,1.77,32.05,25.5,0.0
20250723,29.63,21.44,2.23,24.74,26.4,0.0,29.46,23.44,10.98,35.54,24.87,0.0,31.41,25.91,0.0
20250724,28.72,20.0,8.45,24.74,25.62,0.0,30.25,24.16,9.1,33.59,24.56,7.54,33.84,24.63,0.0
20250725,30.52,20.74,5.95,27.86,26.8,0.0,30.57,24.31,0.23,33.2,24.77,10.64,32.75,25.93,0.0
20250726,27.89,20.96,14.1,25.11,27.05,0.0,30.68,24.42,7.28,34.01,24.81,5.78,34.32,25.89,0.0
20250727,30.0,20.85,0.0,26.82,27.01,38.76,30.75,25.02,0.25,35.49,25.09,10.32,34.75,26.76,0.0
20250728,31.36,20.08,0.0,28.54,26.95,0.08,29.71,25.04,8.86,36.67,25.0,0.1,35.18,25.56,0.0
20250729,31.55,20.75,0.0,28.57,27.15,0.0,30.78,24.57,18.54,37.78,25.47,16.31,35.98,26.39,0.0
20250730,31.35,21.43,0.0,28.97,27.8,0.0,30.94,25.78,18.77,37.68,25.45,6.31,37.15,26.61,0.0
20250731,30.75,21.7,0.0,28.51,27.78,0.0,31.28,25.54,13.84,37.06,25.47,9.28,36.03,27.15,0.0
20250801,30.99,21.94,0.0,28.79,27.14,0.06,31.47,25.15,33.12,36.6,24.31,10.66,36.83,26.64,0.0
20250802,28.51,21.28,0.0,28.1,25.18,2.29,30.88,24.82,17.01,36.24,25.26,7.54,36.73,27.41,0.0
20250803,29.32,20.29,23.71,28.38,26.53,0.0,30.4,24.56,6.48,32.23,24.0,107.05,36.2,27.38,0.0
20250804,30.12,20.9,0.0,28.58,25.65,0.0,31.08,24.87,6.8,33.87,24.15,4.56,35.95,26.98,0.0
20250805,27.27,21.22,0.25,26.22,24.88,0.0,30.39,25.26,11.58,32.77,24.06,86.23,34.84,25.96,0.0
20250806,29.99,20.88,30.04,27.72,25.75,0.0,30.66,23.71,33.89,34.02,23.5,40.34,35.8,26.11,0.0
20250807,30.09,21.43,0.0,26.57,26.52,0.0,30.14,24.48,8.31,33.9,24.16,22.44,36.07,25.56,0.0
20250808,29.99,20.79,19.15,27.23,24.77,0.0,29.85,24.73,0.0,33.95,24.78,10.65,34.34,22.83,0.0
20250809,30.9,20.85,65.79,27.76,25.31,0.0,30.92,24.46,12.19,31.47,23.6,0.01,33.27,24.03,0.0
20250810,30.7,20.78,4.96,28.24,25.76,0.0,31.09,25.29,7.45,32.39,24.15,4.73,34.65,24.88,0.0
20250811,30.57,19.84,12.49,27.51,24.7,0.0,29.04,24.53,7.78,30.14,23.66,0.0,34.41,24.34,0.0
20250812,30.03,19.83,30.7,27.5,25.22,0.0,28.08,24.37,14.02,30.96,23.71,2.41,30.55,24.91,0.0
20250813,29.2,20.65,15.4,26.49,25.65,0.0,29.08,23.87,4.32,31.61,24.12,0.06,27.84,24.58,0.0
20250814,30.3,20.68,35.11,25.41,25.3,0.0,29.55,23.13,27.34,33.49,24.12,0.14,33.38,24.26,0.0
20250815,29.47,20.76,0.81,25.13,25.93,0.0,27.61,24.74,11.0,33.42,24.34,5.12,34.67,24.66,0.0
20250816,29.54,20.36,5.74,26.16,26.73,0.45,26.46,25.44,10.68,32.28,24.1,0.05,33.65,24.26,0.0
20250817,29.27,21.09,3.66,24.8,25.68,0.0,28.14,25.07,46.42,31.94,24.82,0.01,30.02,24.28,0.0
20250818,30.2,21.22,35.31,25.57,24.57,0.0,26.54,23.57,31.37,33.07,23.71,0.02,32.18,24.23,0.0
20250819,31.01,20.79,10.21,26.18,25.91,0.0,27.95,23.52,20.92,35.33,23.99,0.04,33.98,24.65,0.0
20250820,31.64,20.48,8.15,28.33,25.61,0.0,28.99,23.5,1.81,36.15,24.06,0.27,35.68,24.95,0.0
20250821,31.91,20.73,0.14,29.37,26.53,0.0,29.32,24.01,1.08,34.98,24.37,0.41,36.1,25.68,0.0
20250822,31.41,22.18,0.0,29.29,25.15,12.53,28.74,24.77,0.0,32.35,24.06,28.9,34.52,26.23,0.0
20250823,31.3,21.54,0.0,28.65,23.84,0.0,28.83,24.84,0.37,33.05,23.83,6.66,32.29,24.82,0.0
20250824,32.21,20.09,0.0,29.38,25.65,0.26,29.01,24.57,7.36,35.26,24.48,25.05,35.22,25.84,0.0
20250825,32.05,19.87,0.0,29.11,26.11,5.76,28.65,24.95,27.15,35.11,24.78,2.82,34.27,25.51,0.0
20250826,32.02,20.79,0.0,28.23,27.0,8.93,29.28,24.88,46.55,34.69,25.05,0.02,35.52,25.94,0.0
20250827,28.61,21.74,11.0,24.52,27.58,22.75,29.94,24.12,8.29,34.09,25.46,0.0,33.32,24.15,0.0
20250828,27.54,21.84,19.18,24.58,28.84,20.68,30.84,23.9,14.26,34.33,24.66,0.02,34.4,25.18,0.0
20250829,28.86,21.0,6.76,25.68,27.15,0.06,30.28,24.29,15.0,34.8,24.76,0.1,35.32,25.33,0.0
20250830,29.87,20.8,0.02,27.57,26.88,0.0,29.6,24.54,22.57,34.77,24.47,0.22,36.4,25.51,0.0
20250831,30.62,21.35,1.24,27.7,25.42,0.09,27.11,24.68,6.3,33.82,25.35,0.03,33.52,25.16,0.0
20250901,30.39,21.54,1.35,28.4,25.6,59.29,27.69,24.57,28.5,34.01,24.86,0.0,33.43,26.16,0.0
20250902,31.11,21.01,0.0,28.29,26.55,3.56,28.96,24.55,32.91,34.57,24.36,26.75,34.05,25.9,0.0
20250903,30.99,20.95,0.01,27.89,26.84,0.0,29.34,25.22,22.22,33.0,25.13,9.97,33.7,25.56,0.0
20250904,30.4,21.64,0.07,27.5,26.33,33.25,30.31,24.33,28.17,34.77,24.52,5.28,35.64,26.26,0.0
20250905,30.28,21.69,0.0,28.03,26.15,7.62,28.92,24.22,6.05,35.53,24.57,6.72,35.59,26.63,0.0
20250906,31.35,21.54,0.0,28.81,26.17,2.13,28.79,24.04,4.52,35.35,25.02,0.0,36.02,26.06,0.0
20250907,31.25,20.92,0.0,29.13,25.52,5.05,30.55,23.99,3.0,35.36,24.32,0.0,35.82,25.94,0.0
20250908,31.13,20.76,0.0,29.02,25.21,4.01,29.53,24.24,5.94,34.58,24.98,0.0,35.84,26.66,0.0
20250909,31.61,22.0,0.0,29.63,27.15,0.0,29.36,24.2,13.82,33.93,24.98,0.0,35.69,26.66,0.0
20250910,31.39,22.32,0.0,30.0,27.2,0.0,28.13,24.09,0.16,34.22,24.2,0.0,36.23,27.26,0.0
20250911,31.94,20.82,29.16,29.44,25.15,0.0,28.22,24.26,0.0,34.07,22.37,0.0,33.1,24.05,0.0
20250912,31.96,19.78,4.41,29.94,24.89,0.0,30.43,24.55,0.0,34.34,24.32,0.0,33.93,25.88,0.0
20250913,31.59,20.9,5.74,29.54,24.96,0.0,30.73,25.27,0.15,34.45,24.71,0.0,30.93,25.85,0.0
20250914,32.14,20.04,0.0,29.58,25.43,0.0,30.85,24.07,7.35,34.95,23.86,0.0,34.32,24.94,0.0
20250915,31.94,20.86,34.06,29.17,26.66,0.0,30.2,24.09,3.97,34.63,24.77,0.28,36.02,25.81,0.0
20250916,31.4,20.24,5.74,29.05,24.44,0.0,28.37,24.42,9.03,33.62,24.96,16.23,33.62,24.77,0.0
20250917,31.01,20.72,5.94,27.82,24.64,0.0,29.49,24.27,10.47,32.62,24.38,0.1,34.0,24.01,0.0
20250918,31.19,20.38,27.55,28.92,25.18,0.0,27.39,24.49,3.81,33.81,23.5,0.01,34.71,24.59,0.0
20250919,32.05,21.17,12.96,29.49,23.96,0.0,26.91,24.19,5.64,30.5,23.58,6.1,32.06,24.45,0.0
20250920,31.93,21.58,0.44,29.15,24.63,0.0,28.36,24.46,0.5,31.03,22.92,0.05,31.77,24.36,0.0
20250921,32.18,19.97,4.6,29.59,25.98,0.0,29.29,24.22,0.0,30.94,23.7,0.4,32.8,25.18,0.0
20250922,31.42,21.25,2.43,28.78,24.87,0.0,28.83,24.97,0.55,33.69,24.56,0.01,32.3,25.56,0.0
20250923,30.37,20.58,3.03,28.06,24.95,0.0,28.52,24.75,0.25,33.91,24.81,2.75,33.71,25.24,0.0
20250924,31.49,21.85,0.0,29.33,26.6,0.0,28.96,24.21,0.0,33.38,24.58,0.05,33.76,25.76,0.0
20250925,30.29,21.47,0.0,29.17,26.7,0.0,28.39,23.79,0.0,34.21,24.63,0.02,35.5,25.51,0.0
20250926,30.36,20.08,25.84,29.08,25.49,0.0,26.45,24.12,0.0,33.75,23.9,2.63,33.41,25.79,0.0
20250927,30.88,20.98,39.49,27.14,25.63,0.0,27.9,23.2,0.0,35.0,24.07,0.09,35.37,24.76,0.0
20250928,30.89,20.81,2.68,28.36,25.58,0.0,27.83,23.48,0.09,34.43,24.23,0.0,34.6,25.03,0.0
20250929,31.54,21.42,1.56,29.38,26.68,0.0,27.38,23.69,0.0,34.78,24.31,0.0,33.78,24.73,0.0
20250930,32.37,20.56,19.64,29.45,25.51,0.26,28.19,23.77,0.0,34.12,23.94,0.0,33.19,24.88,0.0
20251001,31.8,20.73,0.0,28.37,26.63,0.0,29.81,23.59,0.0,34.59,25.19,0.06,32.82,25.58,0.0
20251002,32.46,21.11,5.97,29.2,26.05,0.0,30.12,24.04,0.0,35.01,25.04,0.08,34.12,25.58,0.0
20251003,32.5,20.94,0.0,30.4,24.5,0.12,29.47,24.1,0.0,34.04,25.44,34.24,33.92,25.39,0.0
20251004,33.19,20.49,0.0,30.87,23.56,0.86,30.08,24.35,0.0,31.12,23.33,44.39,32.74,24.2,0.0
20251005,32.08,20.19,0.0,30.56,25.41,0.0,29.6,24.43,0.24,34.61,22.81,13.12,34.98,24.87,0.0
20251006,32.82,19.02,0.18,30.22,24.15,0.67,30.42,23.49,12.76,34.35,23.56,27.55,34.03,24.04,0.0
20251007,32.31,20.4,30.17,30.05,25.7,0.19,29.97,24.18,18.7,33.48,23.94,0.0,34.19,24.51,0.0
20251008,32.54,20.82,0.0,30.86,26.33,0.0,29.19,24.67,14.54,32.88,24.54,0.01,34.2,24.4,0.0
20251009,31.68,20.85,0.0,30.42,26.53,0.0,27.57,24.7,11.99,32.94,24.71,0.11,33.82,25.93,0.0
20251010,32.0,20.87,8.69,30.27,23.95,0.0,28.11,25.05,0.0,32.89,23.67,0.11,32.64,23.51,0.0
20251011,31.28,21.15,0.0,30.25,25.21,0.0,28.59,24.69,0.0,33.86,24.75,0.61,32.88,24.35,0.0
20251012,32.84,20.41,0.0,31.29,25.11,0.0,30.32,24.2,0.0,32.57,23.38,0.0,32.57,24.71,0.0
20251013,32.03,20.56,0.0,31.16,24.82,0.0,30.66,23.98,0.0,33.18,23.83,0.0,33.32,24.5,0.0
20251014,32.94,21.07,0.0,31.17,25.74,0.0,30.87,23.79,0.0,32.32,23.71,0.0,32.72,24.46,0.0
20251015,31.81,20.18,0.0,30.19,24.68,0.0,30.98,24.79,0.15,30.83,23.11,0.0,30.92,24.75,0.0
20251016,30.86,20.61,0.0,32.33,25.05,0.0,31.07,24.84,0.0,28.95,23.86,0.0,32.13,24.75,0.0
20251017,29.54,20.57,0.0,31.61,25.15,0.0,31.03,24.82,0.0,30.56,23.5,0.0,30.05,24.68,0.0
20251018,31.31,19.8,0.0,29.77,24.6,0.0,31.39,24.77,0.0,31.27,23.31,0.0,28.41,24.55,0.0
20251019,30.7,19.47,0.0,30.07,24.58,0.0,30.28,25.19,0.0,30.46,24.31,0.0,30.62,23.73,0.0
20251020,31.46,19.97,1.05,30.63,24.8,0.0,29.97,24.74,0.0,29.64,23.96,0.0,29.83,24.33,0.0
20251021,30.14,19.87,0.0,29.8,24.5,0.0,30.22,24.64,0.0,26.77,23.34,0.0,28.45,23.93,0.0
20251022,29.23,19.55,1.11,28.42,24.49,0.0,29.68,24.54,4.44,31.07,22.41,0.0,28.93,24.13,0.0
20251023,30.91,20.21,2.92,28.25,24.72,0.0,29.74,24.99,0.86,31.96,23.04,0.0,31.93,24.1,0.0
20251024,30.93,20.19,2.07,28.65,24.55,0.0,29.69,23.89,2.09,30.68,22.22,0.0,27.84,22.78,0.0
20251025,32.14,20.25,22.86,29.75,25.12,0.0,29.53,22.98,0.0,32.04,23.76,0.0,30.5,23.96,0.0
20251026,32.15,19.88,0.0,30.62,24.58,0.0,28.64,23.85,0.0,31.68,24.23,0.0,31.4,23.63,0.0
20251027,28.03,20.32,0.12,24.69,25.6,0.0,29.02,23.61,0.0,29.45,24.23,0.12,26.9,24.96,0.0
20251028,30.22,20.15,0.24,28.26,23.67,0.0,29.25,23.08,0.0,30.32,24.35,0.0,24.33,23.45,0.0
20251029,31.9,20.62,3.18,29.95,23.65,0.0,29.16,24.33,0.0,34.03,23.83,0.01,33.18,22.93,0.0
20251030,32.16,19.86,0.1,30.49,24.64,0.03,28.48,23.71,0.0,34.26,22.65,7.6,34.47,22.11,0.0
20251031,31.56,19.52,0.0,30.2,25.65,0.0,29.3,24.02,0.0,35.0,23.71,17.61,35.32,23.64,0.0
20251101,32.15,19.67,0.0,30.17,26.17,0.0,28.54,24.75,0.0,33.61,23.69,0.21,34.34,24.29,0.0
20251102,31.73,19.92,0.0,30.36,26.61,0.0,29.72,24.41,0.0,34.33,23.46,1.21,34.83,25.54,0.0
20251103,31.54,18.97,0.0,30.48,26.5,0.0,30.05,22.46,0.0,34.5,23.56,0.0,34.63,25.73,0.0
20251104,31.6,19.94,6.08,29.17,26.71,0.59,30.27,23.64,0.0,34.3,23.79,0.0,33.4,25.18,0.0
20251105,31.88,19.2,0.59,30.05,25.8,0.0,30.2,22.64,0.0,33.14,22.5,0.0,33.58,24.61,0.0
20251106,31.55,19.83,0.0,30.34,25.03,0.0,29.91,22.39,0.0,31.24,22.37,0.0,31.26,25.21,0.0
20251107,31.7,19.5,0.0,29.86,24.71,0.0,29.5,22.48,0.0,31.76,22.29,0.0,32.32,23.96,0.0
20251108,31.93,20.53,0.0,29.67,24.77,0.0,29.5,23.82,0.0,32.3,23.45,0.0,32.98,23.99,0.0
20251109,31.44,19.31,0.0,31.33,24.25,0.0,29.52,21.84,0.0,31.82,23.12,0.0,31.3,22.89,0.0
20251110,31.27,19.53,0.0,30.65,23.78,0.0,30.82,19.67,0.0,32.39,22.65,0.0,31.8,21.32,0.0
20251111,32.18,20.1,0.0,30.16,25.51,0.0,30.61,19.85,0.0,32.23,23.77,0.0,31.63,23.51,0.0
20251112,32.16,20.53,0.0,30.62,25.5,0.0,30.41,19.63,0.0,30.9,23.43,0.0,31.95,23.08,0.0
20251113,31.79,19.58,0.0,31.59,24.69,0.0,30.72,21.49,0.0,32.15,23.16,0.0,30.42,23.46,0.0
20251114,32.21,19.79,0.0,30.45,24.75,0.0,30.59,21.69,0.0,30.65,23.53,0.0,30.52,22.48,0.0
20251115,31.65,19.39,0.0,31.72,22.35,0.0,30.76,19.54,0.0,29.39,21.47,0.0,29.75,19.69,0.0
20251116,32.58,18.41,0.0,32.06,24.48,0.0,30.79,20.37,0.0,29.82,22.26,0.0,29.5,21.4,0.0
20251117,32.05,20.1,0.0,31.83,23.06,0.0,31.13,18.21,0.0,28.66,22.12,0.0,27.96,21.5,0.0
20251118,31.38,19.57,0.0,32.25,22.38,0.0,31.03,18.79,0.0,28.97,21.59,0.0,27.6,21.6,0.0
20251119,30.78,19.18,0.0,31.08,22.8,0.0,27.2,21.54,0.0,29.43,22.24,0.0,30.2,21.38,0.0
20251120,31.73,18.5,0.0,31.36,22.49,0.0,29.68,22.06,0.0,30.1,22.3,0.0,29.87,21.05,0.0
20251121,32.72,19.57,0.0,32.03,24.01,0.0,30.03,21.61,0.0,30.6,22.9,0.0,30.78,23.21,0.0
20251122,31.57,20.49,0.0,30.9,24.5,0.0,30.61,23.85,0.0,28.26,22.74,0.0,30.68,24.06,0.0
20251123,30.88,19.55,0.0,31.54,24.47,0.0,30.14,23.96,0.0,30.13,23.01,0.0,30.03,23.91,0.0
20251124,30.85,18.89,0.0,31.32,25.25,0.0,30.36,24.73,0.0,25.66,21.9,0.0,29.57,23.29,0.0
20251125,30.74,19.25,0.0,31.4,24.65,0.0,30.04,24.13,0.0,29.7,22.4,0.0,30.55,23.08,0.0
20251126,31.93,19.46,0.0,31.61,24.13,0.0,30.05,21.11,0.0,28.64,22.23,0.0,30.15,22.2,0.0
20251127,31.85,18.08,0.0,31.1,24.06,0.0,28.88,21.65,0.0,27.73,21.72,0.0,30.05,22.05,0.0
20251128,31.88,18.0,0.0,30.34,24.2,0.0,29.47,20.7,0.0,26.98,22.38,0.0,29.33,21.73,0.0
20251129,31.37,17.67,0.0,29.95,23.59,0.0,28.91,19.61,0.0,23.93,21.04,0.0,25.98,21.4,0.0
20251130,31.4,18.02,0.0,30.51,21.92,0.0,29.06,19.23,0.0,25.48,21.37,0.0,26.16,21.68,0.0
20251201,31.95,19.43,0.0,31.62,24.14,0.0,29.21,21.06,0.0,29.08,23.02,0.0,25.2,22.43,0.0
20251202,31.93,20.31,0.0,30.64,23.35,0.0,29.69,20.87,0.0,30.69,23.49,0.0,25.34,22.05,0.0
20251203,30.69,19.54,0.0,30.79,23.15,0.0,28.98,21.6,0.0,28.31,23.81,0.0,26.15,22.65,0.0
20251204,30.89,20.02,0.0,31.06,23.13,0.0,29.75,23.36,0.0,30.21,23.47,0.0,27.31,22.33,0.0
20251205,32.74,18.88,0.0,31.68,24.25,0.0,29.9,24.26,0.0,29.71,23.21,0.0,28.72,22.9,0.0
20251206,31.19,19.81,0.0,31.4,23.55,0.0,28.22,23.97,0.0,29.71,22.09,0.0,29.46,21.57,0.0
20251207,32.57,18.96,0.0,32.06,23.8,0.0,29.55,21.39,0.0,28.61,22.99,0.0,29.2,21.83,0.0
20251208,32.69,18.13,0.0,31.56,22.03,0.0,30.33,20.77,0.0,29.01,22.25,0.0,29.1,19.84,0.0
20251209,32.5,16.74,0.0,31.96,22.66,0.0,29.6,18.99,0.0,28.42,21.12,0.0,30.08,20.0,0.0
20251210,32.39,18.67,0.0,31.82,22.93,0.0,29.79,19.33,0.0,27.99,23.12,0.0,29.48,19.28,0.0
20251211,32.46,17.6,0.0,31.99,22.13,0.0,29.63,18.17,0.0,27.81,20.02,0.0,29.73,19.2,0.0
20251212,32.07,18.18,0.0,31.7,21.7,0.0,29.42,16.23,0.0,27.9,20.19,0.0,29.05,18.48,0.0
20251213,32.33,17.95,0.0,31.95,20.18,0.0,27.54,17.47,0.0,28.43,20.72,0.0,29.32,17.21,0.0
20251214,31.82,16.52,0.0,31.73,19.93,0.0,27.85,17.57,0.0,28.54,19.17,0.0,28.98,18.46,0.0
20251215,31.98,15.27,0.0,31.3,19.93,0.0,29.71,17.71,0.0,29.32,18.44,0.0,29.3,17.76,0.0
20251216,32.11,17.22,0.0,30.62,23.68,0.0,29.66,18.79,0.0,28.27,22.01,0.0,26.78,20.47,0.0
20251217,32.42,18.54,0.0,32.61,23.83,0.0,29.44,21.48,0.0,29.6,22.73,0.0,30.1,20.67,0.0
20251218,32.43,16.52,0.0,31.67,21.15,0.0,28.81,18.98,0.0,28.8,19.46,0.0,29.1,18.31,0.0
20251219,32.0,16.88,0.0,30.55,21.4,0.0,29.28,17.18,0.0,28.76,19.31,0.0,29.35,18.56,0.0
20251220,31.36,15.75,0.0,30.36,19.8,0.0,29.32,16.33,0.0,28.56,18.46,0.0,29.72,17.62,0.0
20251221,31.71,16.34,0.0,30.6,20.83,0.0,29.41,16.28,0.0,29.06,18.35,0.0,29.58,18.51,0.0
20251222,31.82,17.21,0.0,31.01,20.98,0.0,29.92,18.27,0.0,29.65,19.42,0.0,28.88,19.26,0.0
20251223,31.36,16.62,0.0,30.3,20.42,0.0,29.26,18.64,0.0,29.26,19.28,0.0,29.9,18.16,0.0
20251224,32.31,17.07,0.0,30.93,21.03,0.0,29.71,18.01,0.0,30.01,19.69,0.0,29.47,19.06,0.0
20251225,32.25,17.01,0.0,30.92,20.83,0.0,29.2,17.67,0.0,30.05,19.57,0.0,28.84,17.96,0.0
20251226,31.72,16.09,0.0,31.0,21.65,0.0,29.18,17.14,0.0,29.6,21.29,0.0,29.32,19.13,0.0
20251227,31.82,17.33,0.0,30.99,20.13,0.0,29.74,19.4,0.0,29.44,20.01,0.0,28.92,18.17,0.0
20251228,32.24,17.39,0.0,31.13,20.4,0.0,29.35,17.95,0.0,29.29,20.19,0.0,29.5,18.54,0.0
20251229,32.63,17.7,0.0,31.43,21.5,0.0,29.78,18.64,0.0,29.4,20.32,0.0,28.7,18.36,0.0
20251230,32.51,17.64,0.0,30.61,21.2,0.0,29.14,17.55,0.0,30.22,20.59,0.0,29.93,18.36,0.0
20251231,31.75,19.46,0.0,29.93,23.75,0.0,29.13,17.72,0.0,28.52,22.09,0.0,29.8,19.66,0.0
20260101,32.1,18.77,0.0,29.84,23.72,4.65,28.72,18.45,0.0,28.7,22.98,0.0,28.8,21.53,0.0
20260102,32.58,19.63,0.0,30.73,23.49,0.0,29.42,19.91,0.0,29.12,22.56,0.0,30.1,20.63,0.0
20260103,32.04,18.67,0.0,31.37,23.05,0.0,29.66,20.46,0.0,29.59,22.51,0.0,29.65,21.17,0.0
20260104,32.23,17.55,0.0,31.82,21.3,0.0,29.62,20.98,0.0,28.95,20.09,0.0,29.47,18.84,0.0
20260105,32.16,16.6,0.0,31.68,21.43,0.0,29.98,20.06,0.0,29.72,19.9,0.0,29.05,18.54,0.0
20260106,31.55,18.61,0.0,31.68,22.81,0.0,29.36,19.01,0.0,29.3,21.81,0.0,29.27,19.24,0.0
20260107,31.92,18.14,0.0,31.55,22.08,0.0,29.72,19.23,0.0,29.3,21.66,0.0,29.05,19.05,0.0
20260108,32.13,15.08,0.0,32.16,21.58,0.0,29.57,20.22,0.0,28.51,19.1,0.0,29.1,18.33,0.0
20260109,31.89,16.12,0.0,31.72,23.01,0.0,30.0,19.76,0.0,28.19,19.81,0.0,27.3,18.55,0.0
20260110,32.33,18.43,0.0,32.15,21.9,0.0,29.42,19.77,0.0,25.83,19.9,0.0,27.26,20.05,0.0
20260111,31.38,17.79,0.0,31.44,21.32,0.0,29.07,20.44,0.0,26.01,19.57,0.0,25.0,18.7,0.0
20260112,33.0,18.04,0.0,32.26,21.99,0.0,29.09,22.65,0.0,25.12,20.51,0.0,28.05,19.45,0.0
20260113,32.25,18.46,0.0,31.6,23.36,0.0,28.68,22.53,0.0,27.31,21.07,0.0,30.63,21.28,0.0
20260114,32.41,18.26,0.0,30.75,21.35,0.0,29.22,22.98,0.0,29.59,21.31,0.0,31.42,19.74,0.0
20260115,32.44,17.72,0.0,31.58,21.35,0.0,29.55,22.3,0.0,29.58,21.53,0.0,31.1,20.24,0.0
20260116,32.36,17.28,0.0,30.74,21.38,0.0,30.05,21.8,0.0,29.5,21.0,0.0,30.65,20.31,0.0
20260117,32.3,16.43,0.0,32.14,20.85,0.0,29.7,21.32,0.74,28.97,19.61,0.0,30.6,17.87,0.0
20260118,32.1,16.47,0.0,31.14,19.08,0.0,29.47,19.71,0.74,29.14,18.72,0.0,30.72,16.89,0.0
20260119,32.18,16.42,0.0,31.01,19.54,0.0,29.17,18.31,0.0,29.31,18.82,0.0,30.45,17.02,0.0
20260120,32.02,16.33,0.0,30.22,19.55,0.0,29.23,17.83,0.0,29.18,18.85,0.0,30.17,16.92,0.0
20260121,31.56,15.27,0.0,30.98,20.84,0.0,29.89,18.48,0.0,29.3,19.01,0.0,30.13,17.94,0.0
20260122,31.79,15.32,0.0,31.63,20.15,0.0,29.93,19.21,0.0,29.6,18.73,0.0,30.42,17.36,0.0
20260123,32.31,15.75,0.0,31.14,20.53,0.9,28.95,18.03,3.3,29.65,18.45,0.0,28.92,17.5,0.0
20260124,32.23,18.35,0.0,31.46,22.46,0.0,30.05,17.92,26.05,26.19,20.8,0.0,26.71,20.95,0.0
20260125,32.88,18.95,0.0,32.3,22.23,0.0,30.64,19.06,0.0,27.27,21.77,0.0,27.0,22.05,0.0
20260126,33.14,19.56,0.0,32.8,22.52,0.0,29.75,21.07,0.0,29.12,21.7,0.0,28.63,21.94,0.0
20260127,32.5,17.96,0.0,31.42,22.74,0.0,29.85,22.32,6.18,29.5,21.43,0.0,29.95,22.18,0.0
20260128,32.8,18.2,0.0,32.16,21.35,0.0,30.28,21.5,46.38,29.59,20.17,0.0,29.77,18.97,0.0
20260129,32.34,16.95,0.0,31.46,21.18,0.0,30.07,20.49,1.73,29.79,19.78,0.0,29.5,19.26,0.0
20260130,32.16,17.22,0.0,31.82,20.44,0.0,30.02,20.77,0.0,29.7,19.15,0.0,30.0,18.14,0.0
20260131,32.49,17.73,0.0,32.66,20.55,0.0,30.14,20.35,0.0,29.74,19.41,0.0,30.0,17.34,0.0
20260201,32.45,18.83,0.0,32.51,22.32,0.0,29.89,19.98,3.92,27.7,20.5,0.0,30.15,18.86,0.0
20260202,32.89,20.0,0.0,32.55,21.86,0.0,30.32,20.44,14.15,30.12,21.03,0.0,29.8,18.81,0.0
20260203,31.33,18.19,0.0,32.25,20.72,0.0,30.36,21.23,4.23,29.95,20.37,0.0,30.22,18.63,0.0
20260204,32.18,17.59,0.0,32.73,21.26,0.0,30.21,21.28,4.34,30.25,19.78,0.0,30.7,18.66,0.0
20260205,32.42,18.26,0.0,32.72,20.71,0.0,30.39,21.77,0.0,28.56,20.33,0.0,30.95,18.26,0.0
20260206,32.73,17.33,0.0,33.48,21.28,0.0,30.12,21.14,0.0,30.25,19.47,0.0,30.67,18.31,0.0
20260207,32.76,17.72,0.0,33.94,21.05,0.0,29.39,20.28,0.0,29.99,19.89,0.0,31.32,17.34,0.0
20260208,33.02,17.3,0.0,33.23,20.94,0.0,29.14,20.02,0.0,30.19,19.68,0.0,31.9,18.02,0.0
20260209,31.98,17.44,0.0,31.97,20.46,0.0,29.92,19.38,0.0,30.08,20.18,0.0,31.1,17.92,0.0
20260210,32.58,17.42,0.0,31.95,20.85,0.0,30.26,19.83,0.0,29.94,19.76,0.0,30.8,18.89,0.0
20260211,33.1,16.82,0.0,33.74,20.8,0.0,30.31,19.47,0.0,29.87,19.61,0.0,29.54,18.24,0.0
20260212,32.52,16.67,0.0,32.94,20.4,0.0,29.91,20.15,0.0,29.82,18.82,0.0,30.97,17.17,0.0
20260213,32.79,18.77,0.0,32.74,21.13,0.0,30.26,18.84,0.0,30.18,20.51,0.0,31.47,16.27,0.0
20260214,33.1,17.93,0.0,32.79,22.2,0.0,30.47,19.45,0.0,30.74,21.26,0.0,31.62,17.76,0.0
20260215,33.31,18.25,0.0,32.67,21.28,0.0,30.17,19.01,0.0,30.57,21.05,0.0,32.39,17.95,0.0
20260216,33.19,18.93,0.0,33.12,21.21,0.0,30.64,19.72,0.0,30.69,21.05,0.0,31.94,18.22,0.0
20260217,33.19,17.62,0.0,32.61,21.05,0.0,30.72,20.22,0.0,30.72,20.26,0.0,31.12,18.31,0.0
20260218,33.18,19.54,0.0,32.13,21.48,0.0,30.83,20.86,0.0,30.16,21.41,0.0,31.37,18.86,0.0
20260219,33.61,18.85,0.0,32.34,21.76,0.0,30.01,21.05,0.0,31.32,20.73,0.0,31.87,19.33,0.0
20260220,33.81,19.23,0.0,33.48,22.81,0.0,31.37,21.79,0.0,31.18,21.15,0.0,32.55,20.06,0.0
20260221,32.8,19.21,0.0,32.93,23.76,0.0,31.3,22.91,0.0,30.84,23.21,0.0,32.65,20.61,0.0
20260222,32.59,19.48,0.0,32.88,24.75,0.0,30.33,22.51,0.0,32.2,23.4,0.0,32.59,21.44,0.0
20260223,32.96,19.32,0.0,32.39,24.08,0.0,30.91,23.38,0.5,31.89,22.52,0.0,33.37,21.86,0.0
20260224,33.37,19.26,9.87,32.32,23.6,0.0,28.75,22.51,0.0,32.03,22.67,7.9,33.02,21.96,0.0
20260225,32.67,19.76,0.0,31.7,23.49,0.0,29.48,22.77,0.0,31.97,24.46,0.11,33.09,21.77,0.0
20260226,33.16,19.36,0.0,32.09,23.5,0.0,29.96,20.54,0.0,31.87,23.37,0.0,33.97,22.11,0.0
20260227,33.25,18.81,0.0,32.61,23.33,0.0,28.85,20.33,0.0,31.88,23.19,0.0,34.01,22.23,0.0
20260228,33.27,18.92,0.0,32.46,23.18,0.0,30.19,19.43,0.0,32.56,22.1,0.0,33.91,21.91,0.0
20260301,33.17,17.66,0.0,31.86,23.2,0.0,30.03,20.21,0.0,32.16,23.02,0.0,34.04,21.68,0.0
20260302,32.69,17.91,0.0,32.32,23.08,0.0,30.33,21.79,0.0,31.74,22.44,0.0,34.38,21.38,0.0
20260303,33.23,17.8,0.0,32.24,22.33,0.0,30.82,22.3,0.0,31.82,21.59,0.0,34.51,20.86,0.0
20260304,33.39,17.47,0.0,32.96,22.18,0.0,30.68,23.81,0.0,32.55,21.7,0.0,34.56,20.91,0.0
20260305,33.0,19.18,0.0,32.59,23.1,0.0,30.93,23.49,0.0,32.67,22.53,0.0,36.92,21.49,0.0
20260306,33.06,19.04,0.0,32.81,23.48,0.0,30.43,23.35,0.0,33.35,22.59,0.0,36.96,21.16,0.0
20260307,33.52,19.05,0.0,32.63,23.28,0.0,30.44,23.13,0.0,32.97,22.85,0.0,35.53,21.61,0.0
20260308,33.23,19.8,0.0,32.91,23.6,0.0,30.29,22.29,0.0,32.56,23.54,0.0,34.78,21.81,0.0
20260309,33.09,19.37,0.0,34.12,24.69,0.0,30.88,23.59,0.0,32.53,22.82,0.63,33.06,23.03,0.0
20260310,32.88,18.25,0.0,34.54,22.73,0.0,30.78,24.67,0.0,31.69,21.89,0.0,33.39,21.07,0.0
20260311,33.24,19.05,0.0,32.68,23.17,0.0,30.03,23.7,0.0,32.58,22.48,0.0,33.67,20.77,0.0
20260312,34.09,19.73,0.0,33.79,24.29,0.0,30.78,23.72,0.91,32.75,22.8,0.0,35.11,22.11,0.0
20260313,33.41,19.99,0.0,33.02,24.33,0.0,30.82,23.19,6.31,33.11,23.38,8.34,34.38,22.95,0.0
20260314,33.25,19.65,0.0,33.28,24.1,0.0,31.12,24.31,0.0,33.34,22.64,0.0,34.93,22.38,0.0
20260315,33.71,19.64,0.0,32.71,23.98,0.0,31.08,25.0,0.0,33.21,23.4,0.0,34.53,22.53,0.0
20260316,33.42,20.33,0.0,33.29,23.76,0.0,31.25,23.92,10.53,33.35,23.88,0.02,34.11,22.3,0.0
20260317,33.67,20.81,0.0,32.81,24.72,0.0,31.29,22.98,19.26,33.74,24.96,13.37,33.99,23.53,0.0
20260318,33.17,20.03,0.0,32.27,25.15,0.0,30.93,22.37,2.17,32.65,24.54,0.0,33.77,23.66,0.0
20260319,33.55,19.77,0.0,33.3,21.0,0.09,31.09,23.09,18.26,32.18,22.36,0.0,32.91,21.1,0.0
20260320,34.14,19.18,0.06,33.06,24.65,0.0,30.21,20.9,23.68,33.16,21.38,0.0,34.29,22.21,0.0
20260321,34.12,20.32,0.0,33.14,25.45,0.0,31.36,21.44,23.46,33.02,23.56,13.96,34.19,23.33,0.0
20260322,34.37,20.39,0.0,33.65,25.13,0.0,31.2,21.98,1.98,33.01,24.61,1.82,34.57,23.53,0.0
20260323,34.17,19.96,0.0,33.18,24.75,0.0,31.21,23.62,0.0,33.06,24.58,0.0,34.44,24.13,0.0
20260324,33.94,20.15,0.06,33.01,24.83,0.0,31.67,24.43,1.31,33.04,24.01,0.0,34.16,24.28,0.0
20260325,34.55,20.05,0.0,33.65,24.43,0.0,31.63,23.57,0.0,33.03,23.99,0.0,34.91,23.61,0.0
20260326,34.25,20.44,0.0,33.67,24.53,0.0,31.38,23.8,0.0,33.1,23.72,0.0,34.56,23.53,0.0
20260327,33.89,19.28,0.0,33.9,23.41,0.0,31.61,25.07,0.0,32.9,22.99,12.34,35.46,22.78,0.0
20260328,33.95,20.24,0.0,33.55,24.1,0.0,31.86,24.83,0.0,33.75,24.09,12.51,36.79,23.48,0.0
20260329,34.57,19.97,0.0,33.94,25.65,0.0,31.57,23.71,0.02,33.7,25.03,0.0,36.58,25.3,0.0
20260330,34.08,20.78,0.0,32.42,25.95,0.0,31.68,24.74,15.24,33.81,26.6,0.0,35.37,25.35,0.0
20260331,34.54,20.73,0.0,33.16,25.28,0.15,31.72,24.61,15.62,33.56,23.98,4.65,34.94,24.53,0.0
20260401,34.38,20.67,0.0,33.41,24.9,0.0,31.75,24.94,13.83,33.28,23.41,1.45,35.29,23.98,0.0
20260402,34.36,20.09,0.0,33.11,24.07,0.0,31.91,24.57,0.0,33.56,23.08,0.0,35.69,23.51,0.0
20260403,33.96,21.31,0.0,33.28,24.65,0.0,32.16,23.77,0.0,34.41,24.14,0.0,36.38,24.11,0.0
20260404,33.95,21.2,0.0,32.65,26.95,0.87,31.66,23.69,13.04,34.97,25.63,0.0,36.83,25.62,0.0
20260405,34.58,21.96,0.0,33.2,26.13,0.0,31.88,23.02,10.26,35.86,26.1,0.0,37.41,25.78,0.0
20260406,34.18,20.9,0.0,33.16,28.03,0.0,31.94,22.47,8.77,32.59,22.99,1.54,34.61,27.43,0.0
20260407,34.01,21.49,0.0,32.46,26.85,0.41,31.73,21.71,6.08,34.57,25.1,8.41,37.38,26.35,0.0
20260408,34.08,21.3,0.0,32.78,27.87,0.03,31.91,23.52,10.35,34.28,25.3,5.91,36.74,26.72,0.0
20260409,34.76,22.05,0.0,33.16,30.01,0.0,31.85,23.99,12.84,34.78,25.65,28.03,37.21,26.5,0.0
20260410,34.64,22.41,0.0,33.21,27.83,0.0,31.71,23.99,5.09,35.04,25.39,7.71,36.93,27.93,0.0
20260411,34.72,21.38,0.0,33.18,26.95,0.0,32.2,25.05,0.0,35.31,25.9,0.0,37.68,26.78,0.0
20260412,34.64,21.98,0.0,33.48,26.98,0.0,31.88,25.42,8.08,34.61,25.49,0.0,36.81,26.83,0.0
20260413,34.88,21.71,0.0,33.8,26.55,0.0,31.8,25.29,0.0,35.07,24.92,0.0,37.08,25.6,0.0
20260414,34.65,22.16,0.0,33.62,25.95,0.0,31.87,25.6,0.0,35.15,26.09,0.0,37.21,24.9,0.0
20260415,34.7,21.97,0.0,34.25,26.98,0.0,32.13,25.86,0.0,35.9,25.1,0.0,37.76,25.7,0.0
20260416,34.84,22.54,0.0,33.64,27.81,0.0,31.9,25.35,0.0,35.24,25.79,0.02,37.01,26.53,0.0
20260417,35.13,22.65,0.0,33.74,27.7,0.0,31.8,25.26,0.0,35.08,25.9,1.94,37.51,26.28,0.0
20260418,35.17,22.58,0.0,34.93,27.73,0.0,31.36,25.87,1.03,35.09,25.21,0.0,36.78,26.75,0.0
20260419,34.51,22.51,0.0,33.82,26.18,0.0,32.07,26.76,0.0,35.46,25.31,0.0,37.81,25.75,0.0
20260420,34.62,22.22,11.72,33.79,27.28,0.0,33.18,26.06,0.0,35.48,25.61,0.0,37.96,26.6,0.0
20260421,34.95,22.01,0.0,34.45,27.45,0.0,32.51,25.67,0.0,35.74,25.92,0.0,38.78,26.62,0.0
20260422,35.14,21.63,2.47,33.79,27.38,0.0,32.75,25.45,0.0,35.31,27.04,0.0,37.93,26.1,0.0
20260423,35.47,22.07,0.0,33.74,26.51,0.0,32.66,25.93,0.0,35.5,25.68,0.0,37.73,25.75,0.0
20260424,35.61,23.08,0.0,34.76,26.95,0.0,32.25,26.03,0.0,35.47,25.54,0.0,37.56,26.15,0.0
20260425,35.21,22.61,0.0,34.31,27.3,0.0,32.41,26.97,0.0,35.47,26.05,0.0,37.46,26.8,0.0
20260426,35.33,22.31,0.0,34.4,26.78,0.0,32.64,26.04,0.0,35.34,26.55,0.0,37.96,26.03,0.0
20260427,34.94,23.08,0.0,34.02,27.17,0.0,32.61,27.36,0.0,35.8,25.89,0.0,38.14,26.55,0.0
20260428,34.9,22.82,0.0,34.06,27.85,0.0,32.99,27.25,0.0,36.14,26.37,0.0,38.39,27.68,0.0
20260429,34.13,22.77,2.44,34.22,28.28,0.0,32.66,28.2,8.47,36.46,26.87,0.32,38.66,28.35,0.0
20260430,34.67,22.45,0.0,34.17,28.92,0.77,32.8,28.13,11.26,37.7,28.84,57.54,39.97,28.53,0.0
